year,sector,delta_mtco2,delta_total,contribution_share
1750,Coal,,,
1750,Other industry,,,
1751,Coal,0.10100000000000087,0.10100000000000087,1.0
1751,Other industry,0.0,0.10100000000000087,0.0
1752,Coal,0.09800000000000075,0.09800000000000075,1.0
1752,Other industry,0.0,0.09800000000000075,0.0
1753,Coal,0.10499999999999865,0.10499999999999865,1.0
1753,Other industry,0.0,0.10499999999999865,0.0
1754,Coal,0.12400000000000055,0.12400000000000055,1.0
1754,Other industry,0.0,0.12400000000000055,0.0
1755,Coal,0.058999999999999275,0.058999999999999275,1.0
1755,Other industry,0.0,0.058999999999999275,0.0
1756,Coal,0.11700000000000088,0.11700000000000088,1.0
1756,Other industry,0.0,0.11700000000000088,0.0
1757,Coal,0.18399999999999928,0.18399999999999928,1.0
1757,Other industry,0.0,0.18399999999999928,0.0
1758,Coal,0.12199999999999989,0.12199999999999989,1.0
1758,Other industry,0.0,0.12199999999999989,0.0
1759,Coal,0.12300000000000111,0.12300000000000111,1.0
1759,Other industry,0.0,0.12300000000000111,0.0
1760,Coal,0.17499999999999893,0.17499999999999893,1.0
1760,Other industry,0.0,0.17499999999999893,0.0
1761,Coal,0.23399999999999999,0.23399999999999999,1.0
1761,Other industry,0.0,0.23399999999999999,0.0
1762,Coal,0.20400000000000063,0.20400000000000063,1.0
1762,Other industry,0.0,0.20400000000000063,0.0
1763,Coal,0.2400000000000002,0.2400000000000002,1.0
1763,Other industry,0.0,0.2400000000000002,0.0
1764,Coal,0.20500000000000007,0.20500000000000007,1.0
1764,Other industry,0.0,0.20500000000000007,0.0
1765,Coal,0.24600000000000044,0.24600000000000044,1.0
1765,Other industry,0.0,0.24600000000000044,0.0
1766,Coal,0.23299999999999876,0.23299999999999876,1.0
1766,Other industry,0.0,0.23299999999999876,0.0
1767,Coal,0.277000000000001,0.277000000000001,1.0
1767,Other industry,0.0,0.277000000000001,0.0
1768,Coal,0.31400000000000006,0.31400000000000006,1.0
1768,Other industry,0.0,0.31400000000000006,0.0
1769,Coal,0.31299999999999883,0.31299999999999883,1.0
1769,Other industry,0.0,0.31299999999999883,0.0
1770,Coal,0.31700000000000017,0.31700000000000017,1.0
1770,Other industry,0.0,0.31700000000000017,0.0
1771,Coal,0.27200000000000024,0.27200000000000024,1.0
1771,Other industry,0.0,0.27200000000000024,0.0
1772,Coal,0.2550000000000008,0.2550000000000008,1.0
1772,Other industry,0.0,0.2550000000000008,0.0
1773,Coal,0.18399999999999928,0.18399999999999928,1.0
1773,Other industry,0.0,0.18399999999999928,0.0
1774,Coal,0.20400000000000063,0.20400000000000063,1.0
1774,Other industry,0.0,0.20400000000000063,0.0
1775,Coal,0.32699999999999996,0.32699999999999996,1.0
1775,Other industry,0.0,0.32699999999999996,0.0
1776,Coal,0.3149999999999995,0.3149999999999995,1.0
1776,Other industry,0.0,0.3149999999999995,0.0
1777,Coal,0.30600000000000094,0.30600000000000094,1.0
1777,Other industry,0.0,0.30600000000000094,0.0
1778,Coal,0.2829999999999995,0.2829999999999995,1.0
1778,Other industry,0.0,0.2829999999999995,0.0
1779,Coal,0.2919999999999998,0.2919999999999998,1.0
1779,Other industry,0.0,0.2919999999999998,0.0
1780,Coal,0.3439999999999994,0.3439999999999994,1.0
1780,Other industry,0.0,0.3439999999999994,0.0
1781,Coal,0.3550000000000022,0.3550000000000022,1.0
1781,Other industry,0.0,0.3550000000000022,0.0
1782,Coal,0.34699999999999775,0.34699999999999775,1.0
1782,Other industry,0.0,0.34699999999999775,0.0
1783,Coal,0.4819999999999993,0.4819999999999993,1.0
1783,Other industry,0.0,0.4819999999999993,0.0
1784,Coal,0.40800000000000125,0.40800000000000125,1.0
1784,Other industry,0.0,0.40800000000000125,0.0
1785,Coal,0.4939999999999998,0.4939999999999998,1.0
1785,Other industry,0.0,0.4939999999999998,0.0
1786,Coal,0.4819999999999993,0.4819999999999993,1.0
1786,Other industry,0.0,0.4819999999999993,0.0
1787,Coal,0.4120000000000026,0.4120000000000026,1.0
1787,Other industry,0.0,0.4120000000000026,0.0
1788,Coal,0.4269999999999996,0.4269999999999996,1.0
1788,Other industry,0.0,0.4269999999999996,0.0
1789,Coal,0.5769999999999982,0.5769999999999982,1.0
1789,Other industry,0.0,0.5769999999999982,0.0
1790,Coal,0.5350000000000001,0.5350000000000001,1.0
1790,Other industry,0.0,0.5350000000000001,0.0
1791,Coal,0.5339999999999989,0.5339999999999989,1.0
1791,Other industry,0.0,0.5339999999999989,0.0
1792,Coal,0.9969999999999999,0.9969999999999999,1.0
1792,Other industry,0.0,0.9969999999999999,0.0
1793,Coal,0.3680000000000021,0.3680000000000021,1.0
1793,Other industry,0.0,0.3680000000000021,0.0
1794,Coal,0.22299999999999898,0.22299999999999898,1.0
1794,Other industry,0.0,0.22299999999999898,0.0
1795,Coal,-0.2049999999999983,-0.2049999999999983,1.0
1795,Other industry,0.0,-0.2049999999999983,-0.0
1796,Coal,-0.19400000000000261,-0.19400000000000261,1.0
1796,Other industry,0.0,-0.19400000000000261,-0.0
1797,Coal,-0.030999999999998806,-0.030999999999998806,1.0
1797,Other industry,0.0,-0.030999999999998806,-0.0
1798,Coal,1.0160000000000018,1.0160000000000018,1.0
1798,Other industry,0.0,1.0160000000000018,0.0
1799,Coal,4.378999999999998,4.378999999999998,1.0
1799,Other industry,0.0,4.378999999999998,0.0
1800,Coal,5.313000000000002,5.313000000000002,1.0
1800,Other industry,0.0,5.313000000000002,0.0
1801,Coal,-0.8120000000000012,-0.8120000000000012,1.0
1801,Other industry,0.0,-0.8120000000000012,-0.0
1802,Coal,8.324000000000002,8.324000000000002,1.0
1802,Other industry,0.0,8.324000000000002,0.0
1803,Coal,-10.771,-10.771,1.0
1803,Other industry,0.0,-10.771,-0.0
1804,Coal,2.229999999999997,2.229999999999997,1.0
1804,Other industry,0.0,2.229999999999997,0.0
1805,Coal,-0.5169999999999995,-0.5169999999999995,1.0
1805,Other industry,0.0,-0.5169999999999995,-0.0
1806,Coal,1.4529999999999994,1.4529999999999994,1.0
1806,Other industry,0.0,1.4529999999999994,0.0
1807,Coal,3.496000000000002,3.496000000000002,1.0
1807,Other industry,0.0,3.496000000000002,0.0
1808,Coal,-0.703000000000003,-0.703000000000003,1.0
1808,Other industry,0.0,-0.703000000000003,-0.0
1809,Coal,0.8360000000000056,0.8360000000000056,1.0
1809,Other industry,0.0,0.8360000000000056,0.0
1810,Coal,3.157999999999994,3.157999999999994,1.0
1810,Other industry,0.0,3.157999999999994,0.0
1811,Coal,0.6850000000000023,0.6850000000000023,1.0
1811,Other industry,0.0,0.6850000000000023,0.0
1812,Coal,0.6379999999999981,0.6379999999999981,1.0
1812,Other industry,0.0,0.6379999999999981,0.0
1813,Coal,0.39100000000000534,0.39100000000000534,1.0
1813,Other industry,0.0,0.39100000000000534,0.0
1814,Coal,1.0209999999999937,1.0209999999999937,1.0
1814,Other industry,0.0,1.0209999999999937,0.0
1815,Coal,1.3600000000000065,1.3600000000000065,1.0
1815,Other industry,0.0,1.3600000000000065,0.0
1816,Coal,1.9099999999999966,1.9099999999999966,1.0
1816,Other industry,0.0,1.9099999999999966,0.0
1817,Coal,3.7790000000000035,3.7790000000000035,1.0
1817,Other industry,0.0,3.7790000000000035,0.0
1818,Coal,2.1159999999999997,2.1159999999999997,1.0
1818,Other industry,0.0,2.1159999999999997,0.0
1819,Coal,-0.4620000000000033,-0.4620000000000033,1.0
1819,Other industry,0.0,-0.4620000000000033,-0.0
1820,Coal,-0.19700000000000273,-0.19700000000000273,1.0
1820,Other industry,0.0,-0.19700000000000273,-0.0
1821,Coal,1.3260000000000005,1.3260000000000005,1.0
1821,Other industry,0.0,1.3260000000000005,0.0
1822,Coal,1.963000000000001,1.963000000000001,1.0
1822,Other industry,0.0,1.963000000000001,0.0
1823,Coal,2.3359999999999985,2.3359999999999985,1.0
1823,Other industry,0.0,2.3359999999999985,0.0
1824,Coal,1.2260000000000062,1.2260000000000062,1.0
1824,Other industry,0.0,1.2260000000000062,0.0
1825,Coal,3.1469999999999985,3.1469999999999985,1.0
1825,Other industry,0.0,3.1469999999999985,0.0
1826,Coal,0.6509999999999962,0.6509999999999962,1.0
1826,Other industry,0.0,0.6509999999999962,0.0
1827,Coal,4.357000000000006,4.357000000000006,1.0
1827,Other industry,0.0,4.357000000000006,0.0
1828,Coal,0.9429999999999978,0.9429999999999978,1.0
1828,Other industry,0.0,0.9429999999999978,0.0
1829,Coal,-0.375,-0.375,1.0
1829,Other industry,0.0,-0.375,-0.0
1830,Coal,22.680999999999997,22.680999999999997,1.0
1830,Other industry,0.0,22.680999999999997,0.0
1831,Coal,-5.736999999999995,-5.736999999999995,1.0
1831,Other industry,0.0,-5.736999999999995,-0.0
1832,Coal,-1.159000000000006,-1.159000000000006,1.0
1832,Other industry,0.0,-1.159000000000006,-0.0
1833,Coal,1.1569999999999965,1.1569999999999965,1.0
1833,Other industry,0.0,1.1569999999999965,0.0
1834,Coal,5.51400000000001,5.51400000000001,1.0
1834,Other industry,0.0,5.51400000000001,0.0
1835,Coal,8.637,8.637,1.0
1835,Other industry,0.0,8.637,0.0
1836,Coal,9.494,9.494,1.0
1836,Other industry,0.0,9.494,0.0
1837,Coal,-0.6950000000000074,-0.6950000000000074,1.0
1837,Other industry,0.0,-0.6950000000000074,-0.0
1838,Coal,-0.3539999999999992,-0.3539999999999992,1.0
1838,Other industry,0.0,-0.3539999999999992,-0.0
1839,Coal,3.808000000000007,3.808000000000007,1.0
1839,Other industry,0.0,3.808000000000007,0.0
1840,Coal,9.155999999999992,9.155999999999992,1.0
1840,Other industry,0.0,9.155999999999992,0.0
1841,Coal,3.3569999999999993,3.3569999999999993,1.0
1841,Other industry,0.0,3.3569999999999993,0.0
1842,Coal,7.223000000000013,7.223000000000013,1.0
1842,Other industry,0.0,7.223000000000013,0.0
1843,Coal,2.9799999999999898,2.9799999999999898,1.0
1843,Other industry,0.0,2.9799999999999898,0.0
1844,Coal,9.597000000000008,9.597000000000008,1.0
1844,Other industry,0.0,9.597000000000008,0.0
1845,Coal,13.107,13.107,1.0
1845,Other industry,0.0,13.107,0.0
1846,Coal,2.6289999999999907,2.6289999999999907,1.0
1846,Other industry,0.0,2.6289999999999907,0.0
1847,Coal,13.094999999999999,13.094999999999999,1.0
1847,Other industry,0.0,13.094999999999999,0.0
1848,Coal,2.8460000000000036,2.8460000000000036,1.0
1848,Other industry,0.0,2.8460000000000036,0.0
1849,Coal,11.405000000000001,11.405000000000001,1.0
1849,Other industry,0.0,11.405000000000001,0.0
1850,Coal,11.800000000000011,11.800000000000011,1.0
1850,Other industry,0.0,11.800000000000011,0.0
1851,Coal,1.9309999999999832,1.9309999999999832,1.0
1851,Other industry,0.0,1.9309999999999832,0.0
1852,Coal,8.816000000000003,8.816000000000003,1.0
1852,Other industry,0.0,8.816000000000003,0.0
1853,Coal,9.641999999999996,9.641999999999996,1.0
1853,Other industry,0.0,9.641999999999996,0.0
1854,Coal,37.80199999999999,37.80199999999999,1.0
1854,Other industry,0.0,37.80199999999999,0.0
1855,Coal,5.184000000000026,5.221000000000004,0.992913235012454
1855,Oil,,5.221000000000004,
1855,Other industry,0.0,5.221000000000004,0.0
1856,Coal,17.98199999999997,17.98599999999999,0.9997776048037352
1856,Oil,0.0030000000000000027,17.98599999999999,0.00016679639719782076
1856,Other industry,0.0,17.98599999999999,0.0
1857,Coal,2.9250000000000114,2.9350000000000023,0.9965928449744494
1857,Oil,0.010999999999999996,2.9350000000000023,0.0037478705281090248
1857,Other industry,0.0,2.9350000000000023,0.0
1858,Coal,4.3559999999999945,4.367000000000019,0.997481108312337
1858,Oil,0.011000000000000003,4.367000000000019,0.0025188916876574207
1858,Other industry,0.0,4.367000000000019,0.0
1859,Coal,17.031000000000006,17.024,1.0004111842105265
1859,Oil,-0.006999999999999999,17.024,-0.0004111842105263157
1859,Other industry,0.0,17.024,0.0
1860,Coal,29.50799999999998,29.726,0.9926663526878821
1860,Oil,0.21800000000000003,29.726,0.007333647312117339
1860,Other industry,0.0,29.726,0.0
1861,Coal,16.224000000000046,16.891999999999996,0.9604546530902232
1861,Oil,0.6679999999999999,16.891999999999996,0.03954534690977978
1861,Other industry,0.0,16.891999999999996,0.0
1862,Coal,6.342999999999961,6.800999999999988,0.9326569622114355
1862,Oil,0.4580000000000001,6.800999999999988,0.06734303778856064
1862,Other industry,0.0,6.800999999999988,0.0
1863,Coal,23.650000000000034,23.54400000000004,1.0045022086306488
1863,Oil,-0.1060000000000001,23.54400000000004,-0.004502208630648994
1863,Other industry,0.0,23.54400000000004,0.0
1864,Coal,30.173999999999978,29.989999999999952,1.0061353784594873
1864,Oil,-0.18299999999999983,29.989999999999952,-0.006102034011337116
1864,Other industry,0.0,29.989999999999952,0.0
1865,Coal,25.115999999999985,25.326000000000022,0.9917081260364828
1865,Oil,0.20999999999999996,25.326000000000022,0.008291873963515746
1865,Other industry,0.0,25.326000000000022,0.0
1866,Coal,13.583000000000027,14.216000000000008,0.9554727068092304
1866,Oil,0.6319999999999999,14.216000000000008,0.04445694991558804
1866,Other industry,0.0,14.216000000000008,0.0
1867,Coal,31.714,31.747000000000014,0.9989605317037825
1867,Oil,0.03300000000000014,31.747000000000014,0.0010394682962169693
1867,Other industry,0.0,31.747000000000014,0.0
1868,Coal,13.375999999999976,13.680000000000007,0.9777777777777755
1868,Oil,0.3029999999999997,13.680000000000007,0.022149122807017512
1868,Other industry,0.0,13.680000000000007,0.0
1869,Coal,29.911999999999978,30.236999999999966,0.9892515791910577
1869,Oil,0.32600000000000007,30.236999999999966,0.010781492872970217
1869,Other industry,0.0,30.236999999999966,0.0
1870,Coal,10.873000000000047,11.392000000000053,0.9544417134831458
1870,Oil,0.5190000000000001,11.392000000000053,0.04555828651685373
1870,Other industry,0.0,11.392000000000053,0.0
1871,Coal,33.504999999999995,33.653999999999996,0.9955725916681524
1871,Oil,0.14900000000000002,33.653999999999996,0.004427408331847627
1871,Other industry,0.0,33.653999999999996,0.0
1872,Coal,60.769000000000005,61.18399999999997,0.9932171809623437
1872,Oil,0.4159999999999999,61.18399999999997,0.00679916317991632
1872,Other industry,0.0,61.18399999999997,0.0
1873,Coal,37.53399999999999,39.50599999999997,0.9500835316154513
1873,Oil,1.9709999999999996,39.50599999999997,0.04989115577380654
1873,Other industry,0.0,39.50599999999997,0.0
1874,Coal,-42.37800000000004,-41.80499999999995,1.0137064944384666
1874,Oil,0.5730000000000004,-41.80499999999995,-0.013706494438464325
1874,Other industry,0.0,-41.80499999999995,-0.0
1875,Coal,52.794000000000096,52.38599999999997,1.0077883403962915
1875,Oil,-0.40800000000000036,52.38599999999997,-0.0077883403962890965
1875,Other industry,0.0,52.38599999999997,0.0
1876,Coal,8.833999999999946,9.534999999999968,0.9264813843733588
1876,Oil,0.7000000000000002,9.534999999999968,0.07341373885684348
1876,Other industry,0.0,9.534999999999968,0.0
1877,Coal,11.163000000000011,13.450000000000045,0.8299628252788084
1877,Oil,2.2879999999999994,13.450000000000045,0.17011152416356815
1877,Other industry,0.0,13.450000000000045,0.0
1878,Coal,4.400999999999954,5.616999999999962,0.783514331493677
1878,Oil,1.216000000000001,5.616999999999962,0.21648566850632175
1878,Other industry,0.0,5.616999999999962,0.0
1879,Coal,47.52600000000007,50.144000000000005,0.9477903637523943
1879,Oil,2.6189999999999998,50.144000000000005,0.0522295788130185
1879,Other industry,0.0,50.144000000000005,0.0
1880,Cement,,98.43399999999997,
1880,Coal,95.55700000000002,98.43399999999997,0.9707722941260138
1880,Oil,2.7029999999999994,98.43399999999997,0.027460023975455636
1880,Other industry,0.0,98.43399999999997,0.0
1881,Cement,0.036000000000000004,29.94500000000005,0.0012022040407413572
1881,Coal,28.03099999999995,29.94500000000005,0.9360828185005812
1881,Oil,1.8790000000000013,29.94500000000005,0.06274837201536143
1881,Other industry,0.0,29.94500000000005,0.0
1882,Cement,0.06200000000000003,49.985000000000014,0.0012403721116334902
1882,Coal,48.061000000000035,49.985000000000014,0.9615084525357612
1882,Gas,,49.985000000000014,
1882,Oil,1.6969999999999992,49.985000000000014,0.03395018505551663
1882,Other industry,0.0,49.985000000000014,0.0
1883,Cement,0.07799999999999996,59.70399999999995,0.0013064451293045695
1883,Coal,61.84899999999993,59.70399999999995,1.0359272410558753
1883,Gas,0.216,59.70399999999995,0.003617848050381887
1883,Oil,-2.437999999999999,59.70399999999995,-0.04083478493903257
1883,Other industry,0.0,59.70399999999995,0.0
1884,Cement,-0.014999999999999958,11.899999999999977,-0.001260504201680671
1884,Coal,9.302000000000021,11.899999999999977,0.7816806722689108
1884,Gas,0.7909999999999999,11.899999999999977,0.06647058823529424
1884,Oil,1.820999999999998,11.899999999999977,0.15302521008403375
1884,Other industry,0.0,11.899999999999977,0.0
1885,Cement,0.011999999999999955,7.727000000000089,0.0015529959880936737
1885,Coal,4.534999999999968,7.727000000000089,0.5869030671670656
1885,Gas,2.543,7.727000000000089,0.32910573314351893
1885,Oil,0.6370000000000005,7.727000000000089,0.08243820370130621
1885,Other industry,0.0,7.727000000000089,0.0
1886,Cement,0.029000000000000026,15.498000000000047,0.001871209188282355
1886,Coal,8.644000000000005,15.498000000000047,0.5577493870176784
1886,Gas,3.9610000000000003,15.498000000000047,0.2555813653374621
1886,Oil,2.865000000000002,15.498000000000047,0.18486256291134295
1886,Other industry,0.0,15.498000000000047,0.0
1887,Cement,0.18200000000000005,51.29599999999982,0.00354803493449783
1887,Coal,45.343000000000075,51.29599999999982,0.8839480661260183
1887,Gas,4.111000000000001,51.29599999999982,0.0801427011852779
1887,Oil,1.6579999999999977,51.29599999999982,0.03232220835932633
1887,Other industry,0.0,51.29599999999982,0.0
1888,Cement,-0.015000000000000013,117.0590000000002,-0.00012814051034093908
1888,Coal,110.98900000000003,117.0590000000002,0.9481458068153653
1888,Gas,4.987,117.0590000000002,0.04260244833801751
1888,Oil,1.0990000000000002,117.0590000000002,0.00938842805764613
1888,Other industry,0.0,117.0590000000002,0.0
1889,Cement,0.040999999999999925,0.7559999999998581,0.05423280423281431
1889,Coal,1.4359999999999218,0.7559999999998581,1.8994708994711524
1889,Gas,-4.547000000000001,0.7559999999998581,-6.014550264551394
1889,Oil,3.8260000000000005,0.7559999999998581,5.060846560847511
1889,Other industry,0.0,0.7559999999998581,0.0
1890,Cement,0.08300000000000007,105.15700000000015,0.0007892960050210633
1890,Coal,99.36899999999991,105.15700000000015,0.944958490637806
1890,Gas,-0.5389999999999997,105.15700000000015,-0.005125669237425934
1890,Oil,6.244000000000003,105.15700000000015,0.059377882594596594
1890,Other industry,0.0,105.15700000000015,0.0
1891,Cement,0.019000000000000017,62.34299999999985,0.000304765571114641
1891,Coal,58.884000000000015,62.34299999999985,0.9445166257639215
1891,Gas,-2.7410000000000014,62.34299999999985,-0.043966443706591085
1891,Oil,6.180999999999997,62.34299999999985,0.09914505237155756
1891,Other industry,0.0,62.34299999999985,0.0
1892,Cement,0.04399999999999993,10.938000000000102,0.004022673249222849
1892,Coal,12.691000000000031,10.938000000000102,1.1602669592247132
1892,Gas,-1.1719999999999988,10.938000000000102,-0.1071493874565723
1892,Oil,-0.625,10.938000000000102,-0.057140245017370105
1892,Other industry,0.0,10.938000000000102,0.0
1893,Cement,-0.06299999999999994,-17.355999999999995,0.003629868633325649
1893,Coal,-19.145999999999958,-17.355999999999995,1.1031343627563934
1893,Gas,-0.4870000000000001,-17.355999999999995,0.028059460705231635
1893,Oil,2.3399999999999963,-17.355999999999995,-0.1348236920949526
1893,Other industry,0.0,-17.355999999999995,-0.0
1894,Cement,0.029999999999999916,49.047000000000025,0.0006116582053948234
1894,Coal,50.45399999999995,49.047000000000025,1.0286867698330158
1894,Gas,-0.5899999999999999,49.047000000000025,-0.012029278039431556
1894,Oil,-0.8469999999999942,49.047000000000025,-0.01726914999898044
1894,Other industry,0.0,49.047000000000025,0.0
1895,Cement,0.031000000000000028,83.73699999999985,0.00037020671865483696
1895,Coal,76.52200000000016,83.73699999999985,0.9138373717711441
1895,Gas,0.3439999999999994,83.73699999999985,0.004108100361847213
1895,Oil,6.838999999999999,83.73699999999985,0.08167237899614281
1895,Other industry,0.0,83.73699999999985,0.0
1896,Cement,0.06500000000000006,49.48700000000008,0.00131347626649423
1896,Coal,45.58499999999981,49.48700000000008,0.9211510093559871
1896,Gas,-0.19399999999999995,49.48700000000008,-0.0039202214723058505
1896,Oil,4.0319999999999965,49.48700000000008,0.08147594317699577
1896,Other industry,0.0,49.48700000000008,0.0
1897,Cement,0.123,72.95399999999995,0.0016859939139731897
1897,Coal,69.43299999999999,72.95399999999995,0.9517367108040689
1897,Gas,0.4400000000000004,72.95399999999995,0.00603119774104231
1897,Oil,2.959000000000003,72.95399999999995,0.04055980480850954
1897,Other industry,0.0,72.95399999999995,0.0
1898,Cement,0.09299999999999986,88.56200000000013,0.0010501117860933552
1898,Coal,85.654,88.56200000000013,0.9671642465165633
1898,Gas,1.1720000000000006,88.56200000000013,0.013233666809692632
1898,Oil,1.641999999999996,88.56200000000013,0.01854068336306761
1898,Other industry,0.0,88.56200000000013,0.0
1899,Cement,0.28300000000000014,157.45699999999988,0.0017973160926475188
1899,Coal,151.87300000000005,157.45699999999988,0.9645363496065603
1899,Gas,2.443999999999999,157.45699999999988,0.015521697987387038
1899,Oil,2.8570000000000064,157.45699999999988,0.018144636313406255
1899,Other industry,0.0,157.45699999999988,0.0
1900,Cement,0.10499999999999998,98.46000000000004,0.0010664229128580127
1900,Coal,90.44100000000003,98.46000000000004,0.9185557586837294
1900,Gas,0.6379999999999999,98.46000000000004,0.006479788746699164
1900,Oil,7.276999999999994,98.46000000000004,0.07390818606540718
1900,Other industry,0.0,98.46000000000004,0.0
1901,Cement,0.2709999999999999,62.743999999999915,0.004319138084916491
1901,Coal,53.71100000000001,62.743999999999915,0.8560340430957556
1901,Gas,1.3190000000000008,62.743999999999915,0.021021930383781758
1901,Oil,7.442999999999998,62.743999999999915,0.11862488843554775
1901,Other industry,0.0,62.743999999999915,0.0
1902,Cement,0.492,51.3280000000002,0.009585411471321657
1902,Coal,43.942999999999984,51.3280000000002,0.8561214152119664
1902,Gas,0.8349999999999991,51.3280000000002,0.016267923940149545
1902,Oil,6.057000000000002,51.3280000000002,0.11800576683291729
1902,Other industry,0.0,51.3280000000002,0.0
1903,Cement,0.3900000000000001,187.63599999999997,0.0020784924001790712
1903,Coal,181.65599999999995,187.63599999999997,0.9681297831972542
1903,Gas,0.8320000000000007,187.63599999999997,0.004434117120382021
1903,Oil,4.757000000000005,187.63599999999997,0.02535227781449192
1903,Other industry,0.0,187.63599999999997,0.0
1904,Cement,0.20100000000000007,25.66300000000001,0.007832287729415889
1904,Coal,12.47900000000027,25.66300000000001,0.4862642715193182
1904,Gas,0.6369999999999987,25.66300000000001,0.024821727779293083
1904,Oil,10.512999999999991,25.66300000000001,0.40965592487238384
1904,Other industry,1.834,25.66300000000001,0.0714647547052176
1905,Cement,0.7629999999999999,150.3159999999998,0.00507597328295059
1905,Coal,146.46399999999994,150.3159999999998,0.9743739854706095
1905,Gas,2.0050000000000026,150.3159999999998,0.013338566752707663
1905,Oil,0.9370000000000118,150.3159999999998,0.006233534686926296
1905,Other industry,0.1459999999999999,150.3159999999998,0.0009712871550600076
1906,Cement,0.9849999999999999,108.40700000000015,0.009086129124503016
1906,Coal,104.55099999999993,108.40700000000015,0.9644303412141263
1906,Gas,1.8569999999999993,108.40700000000015,0.017129890136245784
1906,Oil,0.867999999999995,108.40700000000015,0.008006863025450329
1906,Other industry,0.1469999999999998,108.40700000000015,0.0013560009962456261
1907,Cement,0.133,355.971,0.0003736259414390498
1907,Coal,333.52999999999975,355.971,0.9369583477305728
1907,Gas,0.8499999999999979,355.971,0.002387834964084147
1907,Oil,21.531999999999996,355.971,0.06048807346665879
1907,Other industry,-0.07299999999999995,355.971,-0.00020507288515075653
1908,Cement,0.19399999999999995,-114.55400000000009,-0.0016935244513504532
1908,Coal,-123.69699999999966,-114.55400000000009,1.0798138869004974
1908,Gas,-0.2010000000000005,-114.55400000000009,0.0017546310037187733
1908,Oil,9.369,-114.55400000000009,-0.08178675559124948
1908,Other industry,-0.21999999999999975,-114.55400000000009,0.001920491645861337
1909,Cement,1.2359999999999998,116.7170000000001,0.010589717007805192
1909,Coal,105.54099999999971,116.7170000000001,0.9042470248549879
1909,Gas,3.8470000000000013,116.7170000000001,0.03296006580018333
1909,Oil,5.579000000000008,116.7170000000001,0.0477993779826418
1909,Other industry,0.5129999999999999,116.7170000000001,0.004395246622171573
1910,Cement,1.0230000000000006,143.16100000000006,0.007145800881524998
1910,Coal,131.01099999999997,143.16100000000006,0.9151305173895119
1910,Gas,1.3919999999999995,143.16100000000006,0.009723318501547201
1910,Oil,9.73599999999999,143.16100000000006,0.06800734837001687
1910,Other industry,0.0,143.16100000000006,0.0
1911,Cement,0.17499999999999982,46.93399999999974,0.0037286402181787356
1911,Coal,37.309999999999945,46.93399999999974,0.7949460945157061
1911,Gas,0.8030000000000008,46.93399999999974,0.01710913197255732
1911,Oil,8.721000000000004,46.93399999999974,0.185814121958496
1911,Other industry,-0.07299999999999995,46.93399999999974,-0.0015553756338688447
1912,Cement,0.37099999999999955,156.7220000000002,0.0023672490141779653
1912,Coal,149.33200000000033,156.7220000000002,0.9528464414696095
1912,Gas,2.5970000000000013,156.7220000000002,0.016570743099245784
1912,Oil,4.346000000000004,156.7220000000002,0.027730631308941933
1912,Other industry,0.07299999999999995,156.7220000000002,0.00046579293270887213
1913,Cement,0.8870000000000005,270.9169999999999,0.003274065488692111
1913,Coal,243.8779999999997,270.9169999999999,0.9001945245222699
1913,Gas,1.2829999999999977,270.9169999999999,0.0047357677812761775
1913,Oil,24.795999999999992,270.9169999999999,0.09152618698715843
1913,Other industry,0.07399999999999984,270.9169999999999,0.00027314638800813483
1914,Cement,-0.40499999999999936,-327.096,0.001238168611049965
1914,Coal,-331.1279999999997,-327.096,1.0123266563944522
1914,Gas,0.5380000000000003,-327.096,-0.0016447770685058829
1914,Oil,4.045999999999992,-327.096,-0.012369457284711498
1914,Other industry,-0.1469999999999998,-327.096,0.00044940934771443185
1915,Cement,-0.19600000000000062,-49.71900000000005,0.003942154910597567
1915,Coal,-62.960000000000036,-49.71900000000005,1.2663166998531743
1915,Gas,1.7300000000000004,-49.71900000000005,-0.03479555099660087
1915,Oil,11.560000000000002,-49.71900000000005,-0.23250668758422313
1915,Other industry,0.1469999999999998,-49.71900000000005,-0.0029566161829481614
1916,Cement,0.5260000000000007,252.20100000000002,0.0020856380426723157
1916,Coal,227.23900000000003,252.20100000000002,0.9010233900737904
1916,Gas,6.511000000000003,252.20100000000002,0.02581670968790767
1916,Oil,17.632000000000005,252.20100000000002,0.06991249043421717
1916,Other industry,0.29300000000000015,252.20100000000002,0.0011617717614125246
1917,Cement,0.06799999999999962,156.26699999999983,0.0004351526553910915
1917,Coal,130.11699999999973,156.26699999999983,0.8326582067871008
1917,Gas,2.131999999999998,156.26699999999983,0.013643315607261931
1917,Oil,24.170000000000016,156.26699999999983,0.154671171776511
1917,Other industry,-0.21999999999999975,156.26699999999983,-0.0014078468262653024
1918,Cement,-1.9900000000000002,-50.41399999999976,0.03947316221684472
1918,Coal,-49.72499999999991,-50.41399999999976,0.986333161423417
1918,Gas,-3.990000000000002,-50.41399999999976,0.07914468203276909
1918,Oil,5.657999999999987,-50.41399999999976,-0.11223072955924969
1918,Other industry,-0.36700000000000044,-50.41399999999976,0.007279723886222124
1919,Cement,0.8799999999999999,-464.9720000000002,-0.001892587080512374
1919,Coal,-495.74199999999973,-464.9720000000002,1.0661760278038237
1919,Gas,1.429000000000002,-464.9720000000002,-0.0030733033386956665
1919,Oil,28.388000000000005,-464.9720000000002,-0.06105313868361964
1919,Other industry,0.07400000000000029,-464.9720000000002,-0.0001591493681339957
1920,Cement,1.6710000000000003,505.645,0.003304690049342919
1920,Coal,412.4609999999998,505.645,0.8157126046930154
1920,Gas,3.737000000000002,505.645,0.0073905605711517015
1920,Oil,87.62799999999999,505.645,0.17329944921832507
1920,Other industry,0.1459999999999999,505.645,0.0002887401240000394
1921,Cement,-0.13000000000000078,-431.76399999999967,0.0003010904105020356
1921,Coal,-460.51200000000017,-431.76399999999967,1.0665826701624048
1921,Gas,-6.693000000000005,-431.76399999999967,0.01550152398069318
1921,Oil,36.230999999999995,-431.76399999999967,-0.0839138974069168
1921,Other industry,-0.6599999999999999,-431.76399999999967,0.0015286128533180173
1922,Cement,1.508000000000001,149.72299999999996,0.010071932835970434
1922,Coal,101.33000000000038,149.72299999999996,0.6767831261730022
1922,Gas,5.115000000000002,149.72299999999996,0.034163087835536315
1922,Oil,41.03800000000001,149.72299999999996,0.2740928247497046
1922,Other industry,0.7339999999999998,149.72299999999996,0.0049023864068980716
1923,Cement,2.0589999999999993,438.279,0.004697920730858653
1923,Coal,376.28099999999995,438.279,0.8585421614998664
1923,Gas,12.419000000000004,438.279,0.028335831741881323
1923,Oil,47.226,438.279,0.10775328044464827
1923,Other industry,0.29300000000000015,438.279,0.0006685239311032473
1924,Cement,1.075000000000001,13.146999999999935,0.08176770365862983
1924,Coal,6.23700000000008,13.146999999999935,0.47440480718035377
1924,Gas,7.183,13.146999999999935,0.5463603863999419
1924,Oil,-1.3489999999999895,13.146999999999935,-0.1026089602190611
1924,Other industry,0.0,13.146999999999935,0.0
1925,Cement,0.8469999999999995,24.48999999999978,0.03458554512045762
1925,Coal,-2.275000000000091,24.48999999999978,-0.09289505920784448
1925,Gas,4.213999999999999,24.48999999999978,0.1720702327480619
1925,Oil,21.339,24.48999999999978,0.8713352388730171
1925,Other industry,0.367,24.48999999999978,0.014985708452429696
1926,Cement,0.31099999999999994,-63.22599999999966,-0.004918862493278107
1926,Coal,-69.63300000000027,-63.22599999999966,1.101334893872784
1926,Gas,5.221999999999994,-63.22599999999966,-0.08259260430835451
1926,Oil,0.9460000000000264,-63.22599999999966,-0.01496219909530939
1926,Other industry,-0.07399999999999984,-63.22599999999966,0.0011704045803941456
1927,Cement,0.7080000000000002,335.53999999999996,0.0021100315908684514
1927,Coal,280.355,335.53999999999996,0.8355337664659953
1927,Gas,6.873000000000005,335.53999999999996,0.020483399892710273
1927,Oil,47.678,335.53999999999996,0.14209334207546045
1927,Other industry,-0.07299999999999995,335.53999999999996,-0.00021755975442570174
1928,Cement,20.134999999999998,-16.635999999999967,-1.2103270016830991
1928,Coal,-56.817999999999756,-16.635999999999967,3.4153642702572653
1928,Gas,6.605000000000004,-16.635999999999967,-0.39703053618658435
1928,Oil,13.441000000000031,-16.635999999999967,-0.8079466217840862
1928,Other industry,0.0,-16.635999999999967,-0.0
1929,Cement,1.2899999999999991,291.8989999999999,0.004419336825408788
1929,Coal,216.30299999999988,291.8989999999999,0.7410200103460443
1929,Gas,20.27199999999999,291.8989999999999,0.069448679166424
1929,Oil,54.108999999999924,291.8989999999999,0.18536891184964643
1929,Other industry,-0.07299999999999995,291.8989999999999,-0.0002500865025231329
1930,Cement,-1.3119999999999976,-330.116,0.0039743605278144585
1930,Coal,-307.6329999999998,-330.116,0.9318936373880691
1930,Gas,1.3299999999999983,-330.116,-0.004028886815543622
1930,Oil,-21.913999999999987,-330.116,0.06638272607204737
1930,Other industry,-0.5870000000000002,-330.116,0.0017781628276121128
1931,Cement,-4.667000000000002,-418.7750000000001,0.011144409288997674
1931,Coal,-383.0550000000003,-418.7750000000001,0.914703599785088
1931,Gas,-11.335999999999999,-418.7750000000001,0.027069428690824418
1931,Oil,-19.277000000000044,-418.7750000000001,0.04603187869380942
1931,Other industry,-0.43999999999999995,-418.7750000000001,0.001050683541281117
1932,Cement,-6.199999999999999,-346.7289999999998,0.017881400171315356
1932,Coal,-310.826,-346.7289999999998,0.8964522725240756
1932,Gas,-4.668999999999997,-346.7289999999998,0.013465847967721187
1932,Oil,-24.520999999999958,-346.7289999999998,0.07072093767755212
1932,Other industry,-0.514,-346.7289999999998,0.0014824257561380798
1933,Cement,-0.8550000000000004,170.09199999999964,-0.005026691437574973
1933,Coal,116.4369999999999,170.09199999999964,0.684553065399902
1933,Gas,2.698999999999998,170.09199999999964,0.015867883263175245
1933,Oil,51.59100000000001,170.09199999999964,0.30331232509465533
1933,Other industry,0.21999999999999997,170.09199999999964,0.0012934176798438518
1934,Cement,4.675000000000001,293.50400000000036,0.01592823266463147
1934,Coal,241.663,293.50400000000036,0.8233720835150449
1934,Gas,11.033000000000001,293.50400000000036,0.03759062908853027
1934,Oil,36.05899999999997,293.50400000000036,0.12285692869603114
1934,Other industry,0.07400000000000007,293.50400000000036,0.0002521260357610117
1935,Cement,3.5440000000000005,179.55499999999984,0.019737684831945664
1935,Coal,117.89900000000034,179.55499999999984,0.6566177494361084
1935,Gas,9.421999999999997,179.55499999999984,0.05247417225919638
1935,Oil,48.32400000000007,179.55499999999984,0.269132020829273
1935,Other industry,0.3659999999999999,179.55499999999984,0.002038372643479715
1936,Cement,6.677999999999997,372.1880000000001,0.017942545165346532
1936,Coal,289.35199999999986,372.1880000000001,0.7774350597010107
1936,Gas,14.158000000000001,372.1880000000001,0.038039915311616705
1936,Oil,61.48599999999999,372.1880000000001,0.16520145732801694
1936,Other industry,0.5140000000000002,372.1880000000001,0.0013810224940084047
1937,Cement,2.068000000000005,288.78399999999965,0.007161061554656793
1937,Coal,178.27100000000019,288.78399999999965,0.6173160562912087
1937,Gas,15.046000000000006,288.78399999999965,0.05210122444456765
1937,Oil,93.17999999999995,288.78399999999965,0.32266330544628535
1937,Other industry,0.21999999999999975,288.78399999999965,0.0007618150590060392
1938,Cement,-2.2830000000000013,-267.09599999999955,0.008547488543445073
1938,Coal,-235.4060000000004,-267.09599999999955,0.8813535208314643
1938,Gas,-5.080999999999989,-267.09599999999955,0.019023122772336528
1938,Oil,-23.812999999999988,-267.09599999999955,0.08915521011172024
1938,Other industry,-0.5129999999999999,-267.09599999999955,0.0019206577410369335
1939,Cement,-2.862000000000002,240.51499999999942,-0.0118994657297882
1939,Coal,205.19500000000016,240.51499999999942,0.8531484522794863
1939,Gas,5.833999999999975,240.51499999999942,0.024256283391888192
1939,Oil,31.687000000000012,240.51499999999942,0.131746460719706
1939,Other industry,0.6600000000000001,240.51499999999942,0.0027441115938714915
1940,Cement,-4.227999999999998,414.53000000000065,-0.010199503051648835
1940,Coal,359.7220000000002,414.53000000000065,0.8677827901478774
1940,Gas,12.189000000000021,414.53000000000065,0.02940438568981739
1940,Oil,46.480999999999995,414.53000000000065,0.11212939956094835
1940,Other industry,0.36599999999999966,414.53000000000065,0.0008829276530046054
1941,Cement,11.861999999999998,114.42799999999988,0.10366343901842215
1941,Coal,90.46000000000004,114.42799999999988,0.7905407767329686
1941,Gas,-0.05700000000001637,114.42799999999988,-0.0004981298283638308
1941,Oil,11.355999999999995,114.42799999999988,0.0992414444017199
1941,Other industry,0.8069999999999999,114.42799999999988,0.007052469675254315
1942,Cement,-4.917000000000002,-16.567000000000007,0.29679483310194965
1942,Coal,24.592999999999847,-16.567000000000007,-1.4844570531779946
1942,Gas,12.586000000000013,-16.567000000000007,-0.7597030240840229
1942,Oil,-48.82899999999995,-16.567000000000007,2.947365244160073
1942,Other industry,0.0,-16.567000000000007,-0.0
1943,Cement,-3.6069999999999993,92.7489999999998,-0.03888990716881052
1943,Coal,16.13000000000011,92.7489999999998,0.1739102308380699
1943,Gas,16.851,92.7489999999998,0.18168389955686892
1943,Oil,63.08299999999997,92.7489999999998,0.6801474948516977
1943,Other industry,0.2940000000000005,92.7489999999998,0.0031698454969865024
1944,Cement,-12.104999999999997,87.21399999999994,-0.1387965234939345
1944,Coal,-57.57900000000018,87.21399999999994,-0.6602036370307545
1944,Gas,14.700999999999993,87.21399999999994,0.1685623867727659
1944,Oil,142.19500000000005,87.21399999999994,1.6304148416538646
1944,Other industry,0.0,87.21399999999994,0.0
1945,Cement,0.3219999999999992,-873.174,-0.00036876956940999064
1945,Coal,-869.2309999999998,-873.174,0.9954842906453923
1945,Gas,19.09899999999999,-873.174,-0.021873074553296352
1945,Oil,-22.99700000000007,-873.174,0.02633724778795529
1945,Other industry,-0.36700000000000044,-873.174,0.0004203056893585934
1946,Cement,13.319999999999997,319.2330000000002,0.04172500963246278
1946,Coal,236.13400000000001,319.2330000000002,0.7396916985399375
1946,Gas,7.1370000000000005,319.2330000000002,0.022356711242258777
1946,Oil,62.64200000000005,319.2330000000002,0.19622658058534054
1946,Other industry,0.0,319.2330000000002,0.0
1947,Cement,6.835000000000001,556.6589999999997,0.012278612220407836
1947,Coal,387.1439999999998,556.6589999999997,0.6954778419103976
1947,Gas,24.05600000000001,556.6589999999997,0.0432149664336695
1947,Oil,138.038,556.6589999999997,0.24797587032635796
1947,Other industry,0.5870000000000002,556.6589999999997,0.0010545055410942795
1948,Cement,8.494,282.6790000000001,0.03004821723580456
1948,Coal,117.57299999999987,282.6790000000001,0.41592406935074705
1948,Gas,32.23400000000001,282.6790000000001,0.1140304019753855
1948,Oil,124.08299999999986,282.6790000000001,0.43895372489643664
1948,Other industry,0.29300000000000015,282.6790000000001,0.0010365113786308855
1949,Cement,6.554000000000002,-243.84999999999945,-0.02687717859339765
1949,Coal,-193.45299999999997,-243.84999999999945,0.7933278654910823
1949,Gas,20.33299999999997,-243.84999999999945,-0.08338322739388974
1949,Oil,-76.62299999999982,-243.84999999999945,0.31422185769940536
1949,Other industry,-0.6600000000000001,-243.84999999999945,0.0027065819151117555
1950,Cement,8.711000000000006,726.3729999999996,0.011992461173529317
1950,Coal,332.68100000000004,726.3729999999996,0.45800298193903166
1950,Flaring,,726.3729999999996,
1950,Gas,52.696000000000026,726.3729999999996,0.07254674939734827
1950,Oil,257.8539999999998,726.3729999999996,0.35498841504295997
1950,Other industry,0.8070000000000004,726.3729999999996,0.0011109994451886302
1951,Cement,8.866,451.2449999999999,0.01964786313421756
1951,Coal,204.19100000000026,451.2449999999999,0.4525058449401108
1951,Flaring,6.251000000000005,451.2449999999999,0.013852785072410789
1951,Gas,63.02999999999997,451.2449999999999,0.139680218063358
1951,Oil,168.39300000000003,451.2449999999999,0.37317421799687545
1951,Other industry,0.5129999999999999,451.2449999999999,0.0011368547019911578
1952,Cement,4.97999999999999,86.04899999999998,0.057874002022103584
1952,Coal,-54.090000000000146,86.04899999999998,-0.6285953352159834
1952,Flaring,5.489000000000004,86.04899999999998,0.0637892363653268
1952,Gas,30.900000000000034,86.04899999999998,0.3590977233901619
1952,Oil,98.91800000000012,86.04899999999998,1.1495543236992893
1952,Other industry,-0.1459999999999999,86.04899999999998,-0.0016967076898046455
1953,Cement,8.800000000000011,183.33899999999994,0.047998516409492875
1953,Coal,31.045000000000073,183.33899999999994,0.16933112976508044
1953,Flaring,-4.016000000000005,183.33899999999994,-0.02190477748869584
1953,Gas,27.44399999999996,183.33899999999994,0.14968991867524079
1953,Oil,118.96499999999992,183.33899999999994,0.6488799437108305
1953,Other industry,1.0999999999999996,183.33899999999994,0.0059998145511866
1954,Cement,7.587999999999994,138.69500000000062,0.0547099751252746
1954,Coal,-7.425000000000182,138.69500000000062,-0.0535347344893482
1954,Flaring,-3.733000000000004,138.69500000000062,-0.02691517358232083
1954,Gas,26.826000000000022,138.69500000000062,0.19341721042575366
1954,Oil,116.173,138.69500000000062,0.8376149104149355
1954,Other industry,-0.734,138.69500000000062,-0.00529218789430042
1955,Cement,10.302000000000007,654.3689999999997,0.015743410827835688
1955,Coal,332.4069999999997,654.3689999999997,0.5079809709812045
1955,Flaring,19.221000000000004,654.3689999999997,0.029373335228288645
1955,Gas,45.88599999999997,654.3689999999997,0.07012251497243908
1955,Oil,245.30600000000004,654.3689999999997,0.3748741153691574
1955,Other industry,1.2469999999999999,654.3689999999997,0.0019056526210746542
1956,Cement,9.051999999999992,482.17199999999957,0.018773383771766093
1956,Coal,222.21399999999994,482.17199999999957,0.46086043984304387
1956,Flaring,11.338000000000008,482.17199999999957,0.023514430535161765
1956,Gas,40.0,482.17199999999957,0.0829579486158467
1956,Oil,199.4949999999999,482.17199999999957,0.4137423989779582
1956,Other industry,0.07399999999999984,482.17199999999957,0.00015347220493931607
1957,Cement,5.963999999999999,259.701,0.022964871140272847
1957,Coal,83.28600000000006,259.701,0.32069957374057106
1957,Flaring,-1.791000000000011,259.701,-0.0068963923897097466
1957,Gas,59.44500000000005,259.701,0.22889784790971174
1957,Oil,113.01700000000028,259.701,0.43518122764255923
1957,Other industry,-0.21999999999999975,259.701,-0.0008471280434037595
1958,Cement,7.24199999999999,231.54100000000017,0.03127739795543763
1958,Coal,69.875,231.54100000000017,0.3017824057078442
1958,Flaring,-11.268,231.54100000000017,-0.04866524719164205
1958,Gas,59.16599999999994,231.54100000000017,0.2555314177618646
1958,Oil,107.18499999999995,231.54100000000017,0.46292017396486956
1958,Other industry,-0.6610000000000005,231.54100000000017,-0.002854785977429483
1959,Cement,15.551000000000016,437.59499999999935,0.0355374261588913
1959,Coal,192.47400000000016,437.59499999999935,0.4398450622150629
1959,Flaring,-3.421999999999997,437.59499999999935,-0.00782001622504828
1959,Gas,52.40700000000004,437.59499999999935,0.11976142323381235
1959,Oil,178.45800000000008,437.59499999999935,0.4078154457889152
1959,Other industry,2.128,437.59499999999935,0.0048629440464356384
1960,Cement,12.149000000000001,531.8389999999999,0.022843379293357582
1960,Coal,204.39100000000053,531.8389999999999,0.38430991333843617
1960,Flaring,-2.5529999999999973,531.8389999999999,-0.004800324910358205
1960,Gas,76.35800000000006,531.8389999999999,0.1435735250705572
1960,Oil,222.2769999999996,531.8389999999999,0.417940391735092
1960,Other industry,19.218000000000004,531.8389999999999,0.03613499574119236
1961,Cement,6.75,28.03900000000067,0.24073611755054883
1961,Coal,-214.13700000000063,28.03900000000067,-7.637112593173634
1961,Flaring,-2.9210000000000065,28.03900000000067,-0.10417632583187478
1961,Gas,47.507999999999925,28.03900000000067,1.6943542922357713
1961,Oil,189.1270000000004,28.03900000000067,6.745140696886333
1961,Other industry,1.7119999999999997,28.03900000000067,0.06105781233282068
1962,Cement,12.219999999999999,332.2510000000002,0.03677942278578542
1962,Coal,-15.59899999999925,332.2510000000002,-0.04694944484741729
1962,Flaring,-0.2879999999999967,332.2510000000002,-0.0008668145468335582
1962,Gas,85.69400000000007,332.2510000000002,0.2579194645012356
1962,Oil,249.16399999999976,332.2510000000002,0.7499270130112463
1962,Other industry,1.0579999999999998,332.2510000000002,0.0031843395505205376
1963,Cement,9.61699999999999,519.5360000000001,0.018510748052108013
1963,Coal,179.34399999999914,519.5360000000001,0.34520033260447613
1963,Flaring,4.575000000000003,519.5360000000001,0.008805934526192606
1963,Gas,79.13,519.5360000000001,0.1523089834005728
1963,Oil,245.39699999999993,519.5360000000001,0.4723387792183793
1963,Other industry,1.4740000000000002,519.5360000000001,0.0028371469927011795
1964,Cement,20.16900000000001,557.6929999999993,0.03616505855372048
1964,Coal,105.28400000000056,557.6929999999993,0.1887848690946465
1964,Flaring,22.286,557.6929999999993,0.039961053841450454
1964,Gas,106.04199999999992,557.6929999999993,0.19014403982119205
1964,Oil,300.68300000000045,557.6929999999993,0.5391550548420023
1964,Other industry,3.2289999999999957,557.6929999999993,0.0057899238469910855
1965,Cement,10.281000000000006,486.1329999999998,0.02114853342603775
1965,Coal,75.87299999999959,486.1329999999998,0.15607457218497742
1965,Flaring,17.65100000000001,486.1329999999998,0.03630899362931547
1965,Gas,77.67499999999995,486.1329999999998,0.15978137670143763
1965,Oil,305.10099999999966,486.1329999999998,0.6276080825617676
1965,Other industry,-0.4480000000000004,486.1329999999998,-0.000921558503537099
1966,Cement,16.576999999999998,552.0220000000008,0.030029600269554424
1966,Coal,60.89000000000033,552.0220000000008,0.11030357485752422
1966,Flaring,14.12299999999999,552.0220000000008,0.025584125270369604
1966,Gas,109.3130000000001,552.0220000000008,0.1980229048842255
1966,Oil,349.4309999999996,552.0220000000008,0.6330019455746312
1966,Other industry,1.689,552.0220000000008,0.0030596606656981017
1967,Cement,6.8729999999999905,374.7459999999992,0.01834042257956057
1967,Coal,-88.10999999999967,374.7459999999992,-0.23511925410811554
1967,Flaring,46.216999999999985,374.7459999999992,0.12332886808665092
1967,Gas,93.11899999999991,374.7459999999992,0.24848564094079756
1967,Oil,315.66700000000037,374.7459999999992,0.8423492178702403
1967,Other industry,0.9790000000000063,374.7459999999992,0.002612436156756866
1968,Cement,15.391999999999996,667.902,0.0230452970645394
1968,Coal,57.79099999999926,667.902,0.08652616701252468
1968,Flaring,13.017000000000024,667.902,0.019489386167431785
1968,Gas,126.65200000000004,667.902,0.18962662186967555
1968,Oil,453.65800000000036,667.902,0.6792283897937127
1968,Other industry,1.3930000000000007,667.902,0.0020856353177561987
1969,Cement,15.325999999999993,856.5250000000015,0.01789323137094652
1969,Coal,198.6140000000005,856.5250000000015,0.23188348267709658
1969,Flaring,40.234999999999985,856.5250000000015,0.04697469425877811
1969,Gas,148.96900000000005,856.5250000000015,0.17392253582790904
1969,Oil,450.2640000000001,856.5250000000015,0.5256869326639612
1969,Other industry,3.114999999999995,856.5250000000015,0.0036367881848165433
1970,Cement,17.632000000000005,1137.3409999999985,0.015502826329130866
1970,Coal,180.58500000000004,1137.3409999999985,0.15877823801304997
1970,Flaring,33.71200000000002,1137.3409999999985,0.029641066311686698
1970,Gas,82.2159999999999,1137.3409999999985,0.07228790661727662
1970,Oil,820.5539999999992,1137.3409999999985,0.7214670006620708
1970,Other industry,2.642000000000003,1137.3409999999985,0.002322962066785605
1971,Cement,14.826999999999998,604.723,0.024518663917198452
1971,Coal,1.1970000000001164,604.723,0.001979418675989034
1971,Flaring,43.726,604.723,0.07230748623750048
1971,Gas,142.65200000000004,604.723,0.23589643522736864
1971,Oil,402.0110000000004,604.723,0.6647853645388061
1971,Other industry,0.31099999999999994,604.723,0.0005142850528258393
1972,Cement,18.19799999999998,720.7170000000006,0.025249855352378208
1972,Coal,-8.771999999999935,720.7170000000006,-0.012171212833886155
1972,Flaring,25.440999999999974,720.7170000000006,0.03529956973402869
1972,Gas,118.7610000000002,720.7170000000006,0.16478173818572353
1972,Oil,563.6779999999999,720.7170000000006,0.7821072626287425
1972,Other industry,3.4110000000000014,720.7170000000006,0.00473278693301254
1973,Cement,18.90500000000003,852.7060000000001,0.02217059572701497
1973,Coal,169.61499999999978,852.7060000000001,0.198913810856262
1973,Flaring,55.27199999999999,852.7060000000001,0.0648195274807495
1973,Gas,150.3739999999998,852.7060000000001,0.17634917544851306
1973,Oil,454.9850000000006,852.7060000000001,0.533577809936837
1973,Other industry,3.5549999999999997,852.7060000000001,0.004169080550623544
1974,Cement,0.44999999999998863,-79.37299999999959,-0.005669434190467677
1974,Coal,-3.2049999999999272,-79.37299999999959,0.040378970178775446
1974,Flaring,-10.796999999999969,-79.37299999999959,0.13602862434329085
1974,Gas,53.81800000000021,-79.37299999999959,-0.678039131694663
1974,Oil,-120.40000000000055,-79.37299999999959,1.5168886145162859
1974,Other industry,0.7609999999999957,-79.37299999999959,-0.009587643153213305
1975,Cement,-0.7350000000000136,-9.43500000000131,0.07790143084259794
1975,Coal,160.6219999999994,-9.43500000000131,-17.02405935346869
1975,Flaring,-54.661,-9.43500000000131,5.793428722839684
1975,Gas,-15.275000000000091,-9.43500000000131,1.618971913089345
1975,Oil,-94.16799999999967,-9.43500000000131,9.980710121885172
1975,Other industry,-5.219000000000001,-9.43500000000131,0.5531531531530764
1976,Cement,16.17700000000002,874.0149999999994,0.01850883566071524
1976,Coal,208.02500000000055,874.0149999999994,0.23801078928851413
1976,Flaring,58.702999999999975,874.0149999999994,0.06716475117703931
1976,Gas,117.74299999999994,874.0149999999994,0.13471507926065343
1976,Oil,470.5199999999995,874.0149999999994,0.5383431634468514
1976,Other industry,2.848000000000006,874.0149999999994,0.003258525311350501
1977,Cement,16.656999999999982,495.5470000000023,0.033613360589409086
1977,Coal,148.683,495.5470000000023,0.30003813967191667
1977,Flaring,-13.94399999999996,495.5470000000023,-0.028138602392911057
1977,Gas,52.710999999999785,495.5470000000023,0.1063693252103222
1977,Oil,291.76300000000083,495.5470000000023,0.588769581896368
1977,Other industry,-0.32500000000000284,495.5470000000023,-0.0006558409192266351
1978,Cement,25.17900000000003,666.7029999999977,0.03776644172892595
1978,Coal,135.10499999999956,666.7029999999977,0.20264645576816068
1978,Flaring,8.701999999999998,666.7029999999977,0.013052288650268603
1978,Gas,130.01700000000028,666.7029999999977,0.19501487168949402
1978,Oil,366.3179999999993,666.7029999999977,0.549447055135496
1978,Other industry,1.3840000000000003,666.7029999999977,0.0020758868641659106
1979,Cement,5.8139999999999645,483.8480000000018,0.01201617036755333
1979,Coal,289.7539999999999,483.8480000000018,0.5988533589061004
1979,Flaring,-30.03000000000003,483.8480000000018,-0.062064946016104065
1979,Gas,126.32799999999997,483.8480000000018,0.26109025975099515
1979,Oil,90.59399999999914,483.8480000000018,0.18723648749193716
1979,Other industry,1.3879999999999981,483.8480000000018,0.0028686694995122292
1980,Cement,2.4530000000000314,-98.79699999999866,-0.0248286891302374
1980,Coal,185.10800000000017,-98.79699999999866,-1.873619644321211
1980,Flaring,-43.702999999999975,-98.79699999999866,0.44235148840552413
1980,Gas,73.44900000000007,-98.79699999999866,-0.7434335050659541
1980,Oil,-311.84299999999894,-98.79699999999866,3.1564015101673446
1980,Other industry,-4.2620000000000005,-98.79699999999866,0.04313896170936423
1981,Cement,0.03300000000001546,-530.0370000000003,-6.2259804504243e-05
1981,Coal,-42.04899999999998,-530.0370000000003,0.07933219756356624
1981,Flaring,-79.27900000000002,-530.0370000000003,0.14957257700877483
1981,Gas,21.858999999999924,-530.0370000000003,-0.04124051717144259
1981,Oil,-429.0699999999997,-530.0370000000003,0.8095095248067579
1981,Other industry,-1.5300000000000011,-530.0370000000003,0.0028865909361044614
1982,Cement,-2.141999999999996,-150.01400000000285,0.014278667324382759
1982,Coal,124.0560000000005,-150.01400000000285,-0.8269628168037526
1982,Flaring,-1.593999999999994,-150.01400000000285,0.010625674937005638
1982,Gas,-61.87400000000025,-150.01400000000285,0.41245483754848933
1982,Oil,-207.14600000000064,-150.01400000000285,1.3808444545175564
1982,Other industry,-1.311,-150.01400000000285,0.008739184342794505
1983,Cement,9.227999999999952,172.03300000000309,0.053640871228193346
1983,Coal,202.24199999999928,172.03300000000309,1.1756000302267335
1983,Flaring,-22.734999999999985,172.03300000000309,-0.1321548772619182
1983,Gas,41.621000000000095,172.03300000000309,0.2419361401591517
1983,Oil,-61.56500000000051,172.03300000000309,-0.3578673859085141
1983,Other industry,3.2390000000000043,172.03300000000309,0.018827783041625423
1984,Cement,7.842000000000041,555.4749999999985,0.014117647058823641
1984,Coal,316.8760000000002,555.4749999999985,0.5704595166299132
1984,Flaring,-26.095000000000027,555.4749999999985,-0.04697781178270866
1984,Gas,228.90700000000015,555.4749999999985,0.41209235339124306
1984,Oil,24.01300000000083,555.4749999999985,0.04322966830190538
1984,Other industry,3.931999999999995,555.4749999999985,0.0070786264008281296
1985,Cement,4.623999999999967,687.6130000000012,0.00672471288355508
1985,Coal,558.7089999999998,687.6130000000012,0.8125340853067043
1985,Flaring,-5.303999999999974,687.6130000000012,-0.007713641248783785
1985,Gas,117.67299999999977,687.6130000000012,0.17113259929640592
1985,Oil,8.906999999999243,687.6130000000012,0.012953507278075354
1985,Other industry,3.0050000000000026,687.6130000000012,0.004370190790459165
1986,Cement,16.043000000000006,293.18199999999706,0.054720276142464976
1986,Coal,116.64200000000073,293.18199999999706,0.3978484354428372
1986,Flaring,-11.779000000000025,293.18199999999706,-0.04017640919292502
1986,Gas,-75.0939999999996,293.18199999999706,-0.2561344148003641
1986,Oil,242.98099999999977,293.18199999999706,0.8287718891337197
1986,Other industry,4.387999999999998,293.18199999999706,0.014966812423682361
1987,Cement,16.598000000000013,668.1440000000002,0.024841950238272
1987,Coal,287.762999999999,668.1440000000002,0.4306900907588767
1987,Flaring,-6.661000000000001,668.1440000000002,-0.00996940779233219
1987,Gas,266.9609999999998,668.1440000000002,0.3995560837184794
1987,Oil,88.7390000000014,668.1440000000002,0.13281418376877047
1987,Other industry,14.745000000000005,668.1440000000002,0.022068595991283316
1988,Cement,23.545999999999992,812.5670000000027,0.02897730279472328
1988,Coal,287.2000000000007,812.5670000000027,0.35344777722944665
1988,Flaring,22.620000000000005,812.5670000000027,0.0278377044600629
1988,Gas,154.41100000000006,812.5670000000027,0.1900286376384957
1988,Oil,310.0069999999996,812.5670000000027,0.38151561655838667
1988,Other industry,14.781999999999996,812.5670000000027,0.018191730651133935
1989,Cement,10.144999999999982,281.4569999999985,0.03604458229853951
1989,Coal,-8.630999999999403,281.4569999999985,-0.030665430243338943
1989,Flaring,-34.65599999999998,281.4569999999985,-0.12313070913141318
1989,Gas,168.98000000000002,281.4569999999985,0.6003759011145607
1989,Oil,148.04600000000028,281.4569999999985,0.5259986427766978
1989,Other industry,-2.4279999999999973,281.4569999999985,-0.008626539755628783
1990,Cement,0.4490000000000123,531.9320000000007,0.0008440928539738382
1990,Coal,-168.01100000000042,531.9320000000007,-0.3158505222472049
1990,Flaring,105.815,531.9320000000007,0.19892580254618986
1990,Gas,185.2239999999997,531.9320000000007,0.34820992156892133
1990,Oil,159.05299999999988,531.9320000000007,0.29901002383763275
1990,Other industry,249.401,531.9320000000007,0.4688588015009431
1991,Cement,12.172000000000025,473.4470000000001,0.025709319100131637
1991,Coal,-85.69700000000012,473.4470000000001,-0.18100653293821714
1991,Flaring,15.372000000000014,473.4470000000001,0.03246825938278204
1991,Gas,61.33800000000019,473.4470000000001,0.12955621220537922
1991,Oil,460.04799999999886,473.4470000000001,0.971699049735237
1991,Other industry,10.213999999999999,473.4470000000001,0.021573692514684845
1992,Cement,21.22800000000001,-685.1680000000015,-0.030982182472036
1992,Coal,-212.91599999999926,-685.1680000000015,0.31075006421782514
1992,Flaring,-32.366000000000014,-685.1680000000015,0.04723804964621807
1992,Gas,49.846000000000004,-685.1680000000015,-0.07275004086588967
1992,Oil,-501.8319999999985,-685.1680000000015,0.7324218293907442
1992,Other industry,-9.126000000000033,-685.1680000000015,0.013319361091002518
1993,Cement,23.644999999999982,229.44900000000052,0.10305122271180056
1993,Coal,108.85399999999936,229.44900000000052,0.4744147937014287
1993,Flaring,-7.354000000000013,229.44900000000052,-0.03205069536149644
1993,Gas,106.4380000000001,229.44900000000052,0.46388522068084787
1993,Oil,17.665999999999258,229.44900000000052,0.07699314444603907
1993,Other industry,-19.801999999999964,229.44900000000052,-0.08630240271258502
1994,Cement,37.17700000000002,224.72500000000218,0.16543330737567988
1994,Coal,43.71899999999914,224.72500000000218,0.19454444320836006
1994,Flaring,80.48700000000002,224.72500000000218,0.3581577483591022
1994,Gas,32.36999999999989,224.72500000000218,0.14404271887862755
1994,Oil,23.91400000000067,224.72500000000218,0.1064145066192032
1994,Other industry,7.060999999999979,224.72500000000218,0.03142062520858788
1995,Cement,33.45999999999992,542.0409999999974,0.061729647757273125
1995,Coal,244.69400000000132,542.0409999999974,0.4514307958254126
1995,Flaring,11.436999999999955,542.0409999999974,0.021099879898384088
1995,Gas,156.67399999999998,542.0409999999974,0.28904455567014437
1995,Oil,87.66599999999926,542.0409999999974,0.16173315302716892
1995,Other industry,8.107000000000028,542.0409999999974,0.014956433184943696
1996,Cement,13.355000000000018,716.8379999999997,0.018630429748422966
1996,Coal,218.52299999999923,716.8379999999997,0.30484293522385714
1996,Flaring,24.184000000000026,716.8379999999997,0.033737050770188015
1996,Gas,184.7510000000002,716.8379999999997,0.25773047745794764
1996,Oil,278.2360000000008,716.8379999999997,0.38814348569690904
1996,Other industry,-2.209000000000003,716.8379999999997,-0.00308158886666165
1997,Cement,25.269999999999982,146.84500000000116,0.17208621335421553
1997,Coal,-49.66400000000067,146.84500000000116,-0.33820695290953234
1997,Flaring,2.231999999999971,146.84500000000116,0.015199700364329417
1997,Gas,13.458999999999833,146.84500000000116,0.09165446559297032
1997,Oil,140.0739999999987,146.84500000000116,0.9538901562872253
1997,Other industry,15.47399999999999,146.84500000000116,0.10537641731076895
1998,Cement,-2.2329999999999472,-84.60900000000038,0.026391991395713663
1998,Coal,-238.29899999999907,-84.60900000000038,2.8164734248129397
1998,Flaring,-15.797999999999945,-84.60900000000038,0.18671772506470793
1998,Gas,48.44599999999991,-84.60900000000038,-0.5725868406434268
1998,Oil,119.76400000000103,-84.60900000000038,-1.4154995331465978
1998,Other industry,3.5109999999999673,-84.60900000000038,-0.04149676748336408
1999,Cement,31.451000000000022,542.0580000000009,0.05802146633755054
1999,Coal,120.09200000000055,542.0580000000009,0.22154824760450054
1999,Flaring,-6.564000000000021,542.0580000000009,-0.012109405266595107
1999,Gas,142.66200000000026,542.0580000000009,0.2631858583398825
1999,Oil,242.21299999999974,542.0580000000009,0.44683963708680496
1999,Other industry,12.204000000000008,542.0580000000009,0.022514195897855926
2000,Cement,30.117999999999938,673.7109999999993,0.044704628542505565
2000,Coal,347.5450000000001,673.7109999999993,0.5158665956174092
2000,Flaring,17.158000000000015,673.7109999999993,0.025467893503297458
2000,Gas,141.65700000000015,673.7109999999993,0.21026374810564216
2000,Oil,147.4359999999997,673.7109999999993,0.21884161012659709
2000,Other industry,-10.201999999999998,673.7109999999993,-0.015142991579475485
2001,Cement,32.583000000000084,181.5119999999988,0.17950879280708879
2001,Coal,51.79099999999926,181.5119999999988,0.28533099739961876
2001,Flaring,-11.5,181.5119999999988,-0.06335669267045746
2001,Gas,43.891999999999825,181.5119999999988,0.24181321345145287
2001,Oil,71.94599999999991,181.5119999999988,0.3963704879016285
2001,Other industry,-7.200999999999965,181.5119999999988,-0.03967230816695322
2002,Cement,28.255999999999972,572.3379999999997,0.04936942855445556
2002,Coal,421.7530000000006,572.3379999999997,0.7368949816367265
2002,Flaring,-10.965000000000032,572.3379999999997,-0.019158259629799237
2002,Gas,141.9369999999999,572.3379999999997,0.24799506585269537
2002,Oil,-14.217000000000553,572.3379999999997,-0.02484021679497178
2002,Other industry,5.573999999999955,572.3379999999997,0.009739000380893734
2003,Cement,78.43099999999993,1387.3590000000004,0.056532591780497986
2003,Coal,836.3829999999998,1387.3590000000004,0.6028598221512957
2003,Flaring,20.32800000000003,1387.3590000000004,0.014652299801277122
2003,Gas,182.54399999999987,1387.3590000000004,0.13157661427215292
2003,Oil,271.4970000000012,1387.3590000000004,0.19569340019418272
2003,Other industry,-1.8239999999999554,1387.3590000000004,-0.0013147281994061774
2004,Cement,38.495000000000005,957.3320000000022,0.0402107105998754
2004,Coal,346.8269999999993,957.3320000000022,0.36228497532726217
2004,Flaring,-1.9850000000000136,957.3320000000022,-0.0020734708544162413
2004,Gas,161.47400000000016,957.3320000000022,0.16867084773098548
2004,Oil,383.72400000000016,957.3320000000022,0.4008264635466059
2004,Other industry,28.798000000000002,957.3320000000022,0.03008151821938464
2005,Cement,70.846,988.9279999999999,0.07163918910173442
2005,Coal,685.1080000000002,988.9279999999999,0.6927784429200106
2005,Flaring,5.098000000000013,988.9279999999999,0.005155077012684456
2005,Gas,118.61899999999969,988.9279999999999,0.11994705377944573
2005,Oil,105.73099999999977,988.9279999999999,0.10691476022521335
2005,Other industry,3.5249999999999773,988.9279999999999,0.0035644657649494984
2006,Cement,80.51800000000014,995.2009999999973,0.08090626918582312
2006,Coal,637.7379999999994,995.2009999999973,0.6408132628484107
2006,Flaring,0.020999999999958163,995.2009999999973,2.11012649705519e-05
2006,Gas,154.71700000000055,995.2009999999973,0.15546306725978065
2006,Oil,112.62299999999959,995.2009999999973,0.11316608403729488
2006,Other industry,9.584000000000003,995.2009999999973,0.009630215403722494
2007,Cement,78.90499999999997,905.104000000003,0.08717782707843487
2007,Coal,588.2129999999997,905.104000000003,0.6498844331701084
2007,Flaring,-4.322999999999979,905.104000000003,-0.004776246707560639
2007,Gas,205.6309999999994,905.104000000003,0.22719046650992453
2007,Oil,41.384000000000015,905.104000000003,0.04572292244869084
2007,Other industry,-4.708000000000027,905.104000000003,-0.0052016121904223285
2008,Cement,11.197999999999865,550.4039999999986,0.020345055631862948
2008,Coal,425.21800000000076,550.4039999999986,0.7725561587488496
2008,Flaring,-8.564000000000021,550.4039999999986,-0.015559479945640007
2008,Gas,168.86300000000028,550.4039999999986,0.3067982790822754
2008,Oil,-40.97199999999975,550.4039999999986,-0.07443986598934574
2008,Other industry,-5.336999999999989,550.4039999999986,-0.009696513833475051
2009,Cement,33.20900000000006,-536.6460000000006,-0.061882507276677774
2009,Coal,-146.4969999999994,-536.6460000000006,0.2729862889129877
2009,Flaring,-5.0499999999999545,-536.6460000000006,0.009410300272432755
2009,Gas,-139.8159999999998,-536.6460000000006,0.26053674116642933
2009,Oil,-243.7430000000004,-536.6460000000006,0.45419699392150525
2009,Other industry,-34.74899999999997,-536.6460000000006,0.06475218300332049
2010,Cement,81.20700000000011,1804.6579999999994,0.04499855374259285
2010,Coal,915.0519999999997,1804.6579999999994,0.5070500892689916
2010,Flaring,11.104999999999961,1804.6579999999994,0.006153520500837258
2010,Gas,440.09599999999955,1804.6579999999994,0.24386670493799917
2010,Oil,354.09699999999975,1804.6579999999994,0.19621280043088488
2010,Other industry,3.1019999999999754,1804.6579999999994,0.0017188852403059063
2011,Cement,92.93399999999997,1162.315999999999,0.07995588118893662
2011,Coal,785.9989999999998,1162.315999999999,0.6762352062606043
2011,Flaring,16.50999999999999,1162.315999999999,0.014204398803767657
2011,Gas,183.55000000000018,1162.315999999999,0.15791746822722938
2011,Oil,56.45399999999972,1162.315999999999,0.048570268326341356
2011,Other industry,26.869000000000028,1162.315999999999,0.023116777193121368
2012,Cement,32.60699999999997,474.7459999999992,0.06868304314307025
2012,Coal,163.57899999999972,474.7459999999992,0.3445610916153059
2012,Flaring,17.80800000000005,474.7459999999992,0.037510584607348095
2012,Gas,133.8130000000001,474.7459999999992,0.2818623011041701
2012,Oil,122.56800000000112,474.7459999999992,0.2581759509295525
2012,Other industry,4.370999999999981,474.7459999999992,0.009207028600556905
2013,Cement,63.98000000000002,321.08600000000297,0.1992612571086856
2013,Coal,85.35100000000057,321.08600000000297,0.26581974922606333
2013,Flaring,7.95799999999997,321.08600000000297,0.02478463713771356
2013,Gas,49.972999999999956,321.08600000000297,0.1556374304703397
2013,Oil,83.90999999999985,321.08600000000297,0.26133185501703304
2013,Other industry,29.91300000000001,321.08600000000297,0.09316195660975482
2014,Cement,51.11699999999996,189.875,0.2692139565503619
2014,Coal,61.72999999999956,189.875,0.3251086240947969
2014,Flaring,1.7549999999999955,189.875,0.009242922975641846
2014,Gas,31.859999999999673,189.875,0.16779460171165067
2014,Oil,45.20600000000013,189.875,0.23808294930875645
2014,Other industry,-1.7940000000000396,189.875,-0.009448321263989675
2015,Cement,-51.78500000000008,-62.167999999997846,0.8329848153391114
2015,Coal,-359.866,-62.167999999997846,5.7886050701327445
2015,Flaring,-2.5779999999999745,-62.167999999997846,0.041468279500708784
2015,Gas,124.01299999999992,-62.167999999997846,-1.994804400978063
2015,Oil,208.1900000000005,-62.167999999997846,-3.3488289795394373
2015,Other industry,19.860000000000014,-62.167999999997846,-0.3194569553468135
2016,Cement,35.480999999999995,-10.694999999999709,-3.317531556802334
2016,Coal,-332.02800000000025,-10.694999999999709,31.04516129032345
2016,Flaring,-9.686000000000035,-10.694999999999709,0.9056568489948854
2016,Gas,185.8610000000008,-10.694999999999709,-17.378307620383904
2016,Oil,130.24199999999837,-10.694999999999709,-12.177840112202142
2016,Other industry,-20.567999999999984,-10.694999999999709,1.923141654979013
2017,Cement,23.799999999999955,581.7769999999946,0.040909145600462334
2017,Coal,171.1790000000001,581.7769999999946,0.29423473255216637
2017,Flaring,12.704000000000008,581.7769999999946,0.02183654561799474
2017,Gas,169.76499999999942,581.7769999999946,0.29180424801943183
2017,Oil,185.02800000000025,581.7769999999946,0.31803938622530964
2017,Other industry,19.303999999999974,581.7769999999946,0.03318109859963552
2018,Cement,46.902000000000044,759.3950000000041,0.06176232395525358
2018,Coal,268.52599999999984,759.3950000000041,0.3536051725386635
2018,Flaring,19.829000000000008,759.3950000000041,0.02611157566220465
2018,Gas,334.7979999999998,759.3950000000041,0.4408746436307824
2018,Oil,57.53600000000006,759.3950000000041,0.07576557654448574
2018,Other industry,31.80200000000002,759.3950000000041,0.04187807399311274
2019,Cement,68.87800000000016,352.5619999999981,0.19536421962662037
2019,Coal,-59.737999999999374,352.5619999999981,-0.16943970138585468
2019,Flaring,28.351,352.5619999999981,0.08041422501574234
2019,Gas,154.64300000000003,352.5619999999981,0.4386263976265192
2019,Oil,183.07999999999993,352.5619999999981,0.5192845513696908
2019,Other industry,-22.65100000000001,352.5619999999981,-0.06424685587215903
2020,Cement,8.324999999999818,-1928.3359999999957,-0.004317193684088166
2020,Coal,-435.9210000000003,-1928.3359999999957,0.22606070726263539
2020,Flaring,-32.39100000000002,-1928.3359999999957,0.016797383858414765
2020,Gas,-53.235999999999876,-1928.3359999999957,0.02760722197791256
2020,Oil,-1393.565999999999,-1928.3359999999957,0.7226779980252415
2020,Other industry,-21.548000000000002,-1928.3359999999957,0.01117440114170977
2021,Cement,42.833000000000084,1708.6329999999944,0.025068578214280202
2021,Coal,702.2139999999999,1708.6329999999944,0.41098000565364373
2021,Flaring,2.215000000000032,1708.6329999999944,0.0012963579656954064
2021,Gas,357.8780000000006,1708.6329999999944,0.2094528198858396
2021,Oil,580.8239999999987,1708.6329999999944,0.3399349070280163
2021,Other industry,22.670000000000016,1708.6329999999944,0.01326791651571759
2022,Cement,-88.14599999999996,660.9100000000035,-0.13337065561120195
2022,Coal,479.9279999999999,660.9100000000035,0.7261624124313406
2022,Flaring,-3.3450000000000273,660.9100000000035,-0.005061203492154771
2022,Gas,-119.95200000000023,660.9100000000035,-0.18149521114826464
2022,Oil,401.746000000001,660.9100000000035,0.6078679396589534
2022,Other industry,-9.322000000000003,660.9100000000035,-0.014104794903995936
2023,Cement,-38.452999999999975,566.265999999996,-0.06790624900665101
2023,Coal,187.1959999999999,566.265999999996,0.33057962159126847
2023,Flaring,12.472000000000037,566.265999999996,0.022024984724493657
2023,Gas,44.09900000000016,566.265999999996,0.0778768282044136
2023,Oil,363.3289999999997,566.265999999996,0.6416224883711936
2023,Other industry,-2.372000000000014,566.265999999996,-0.004188844112131103
2024,Cement,-67.46800000000007,504.5390000000043,-0.133722071039106
2024,Coal,168.88100000000122,504.5390000000043,0.33472338114595657
2024,Flaring,4.365000000000009,504.5390000000043,0.008651462027712371
2024,Gas,206.98300000000017,504.5390000000043,0.41024182471523196
2024,Oil,192.35499999999956,504.5390000000043,0.38124902138387307
2024,Other industry,-0.5790000000000077,504.5390000000043,-0.0011475822483494888
