year,emissions_mtco2,sector,yoy_change_mtco2,yoy_change_pct
1750,9.306,Coal,,
1750,0.0,Other industry,,
1751,9.407,Coal,0.10100000000000087,0.01085321298087265
1751,0.0,Other industry,0.0,
1752,9.505,Coal,0.09800000000000075,0.010417773998086612
1752,0.0,Other industry,0.0,
1753,9.61,Coal,0.10499999999999865,0.01104681746449223
1753,0.0,Other industry,0.0,
1754,9.734,Coal,0.12400000000000055,0.012903225806451672
1754,0.0,Other industry,0.0,
1755,9.793,Coal,0.058999999999999275,0.0060612286829668455
1755,0.0,Other industry,0.0,
1756,9.91,Coal,0.11700000000000088,0.011947309302563146
1756,0.0,Other industry,0.0,
1757,10.094,Coal,0.18399999999999928,0.018567103935418695
1757,0.0,Other industry,0.0,
1758,10.216,Coal,0.12199999999999989,0.012086387953239538
1758,0.0,Other industry,0.0,
1759,10.339,Coal,0.12300000000000111,0.012039937353171605
1759,0.0,Other industry,0.0,
1760,10.514,Coal,0.17499999999999893,0.016926201760324878
1760,0.0,Other industry,0.0,
1761,10.748,Coal,0.23399999999999999,0.022256039566292563
1761,0.0,Other industry,0.0,
1762,10.952,Coal,0.20400000000000063,0.018980275400074492
1762,0.0,Other industry,0.0,
1763,11.192,Coal,0.2400000000000002,0.0219138056975895
1763,0.0,Other industry,0.0,
1764,11.397,Coal,0.20500000000000007,0.01831665475339529
1764,0.0,Other industry,0.0,
1765,11.643,Coal,0.24600000000000044,0.021584627533561503
1765,0.0,Other industry,0.0,
1766,11.876,Coal,0.23299999999999876,0.020012024392338637
1766,0.0,Other industry,0.0,
1767,12.153,Coal,0.277000000000001,0.023324351633546736
1767,0.0,Other industry,0.0,
1768,12.467,Coal,0.31400000000000006,0.025837241833292196
1768,0.0,Other industry,0.0,
1769,12.78,Coal,0.31299999999999883,0.02510628058073304
1769,0.0,Other industry,0.0,
1770,13.097,Coal,0.31700000000000017,0.024804381846635384
1770,0.0,Other industry,0.0,
1771,13.369,Coal,0.27200000000000024,0.020768114835458523
1771,0.0,Other industry,0.0,
1772,13.624,Coal,0.2550000000000008,0.019073977111227526
1772,0.0,Other industry,0.0,
1773,13.808,Coal,0.18399999999999928,0.01350557839107452
1773,0.0,Other industry,0.0,
1774,14.012,Coal,0.20400000000000063,0.014774044032445005
1774,0.0,Other industry,0.0,
1775,14.339,Coal,0.32699999999999996,0.02333713959463317
1775,0.0,Other industry,0.0,
1776,14.654,Coal,0.3149999999999995,0.021968059139409964
1776,0.0,Other industry,0.0,
1777,14.96,Coal,0.30600000000000094,0.020881670533642756
1777,0.0,Other industry,0.0,
1778,15.243,Coal,0.2829999999999995,0.018917112299465206
1778,0.0,Other industry,0.0,
1779,15.535,Coal,0.2919999999999998,0.01915633405497604
1779,0.0,Other industry,0.0,
1780,15.879,Coal,0.3439999999999994,0.02214354682973926
1780,0.0,Other industry,0.0,
1781,16.234,Coal,0.3550000000000022,0.0223565715725173
1781,0.0,Other industry,0.0,
1782,16.581,Coal,0.34699999999999775,0.021374892201552156
1782,0.0,Other industry,0.0,
1783,17.063,Coal,0.4819999999999993,0.02906941680236411
1783,0.0,Other industry,0.0,
1784,17.471,Coal,0.40800000000000125,0.023911387212096423
1784,0.0,Other industry,0.0,
1785,17.965,Coal,0.4939999999999998,0.028275427851868797
1785,0.0,Other industry,0.0,
1786,18.447,Coal,0.4819999999999993,0.026829947119398793
1786,0.0,Other industry,0.0,
1787,18.859,Coal,0.4120000000000026,0.02233425489239457
1787,0.0,Other industry,0.0,
1788,19.286,Coal,0.4269999999999996,0.02264170952860701
1788,0.0,Other industry,0.0,
1789,19.863,Coal,0.5769999999999982,0.02991807528777342
1789,0.0,Other industry,0.0,
1790,20.398,Coal,0.5350000000000001,0.02693450133413886
1790,0.0,Other industry,0.0,
1791,20.932,Coal,0.5339999999999989,0.026179037160505878
1791,0.0,Other industry,0.0,
1792,21.929,Coal,0.9969999999999999,0.047630422319892986
1792,0.0,Other industry,0.0,
1793,22.297,Coal,0.3680000000000021,0.016781430981805012
1793,0.0,Other industry,0.0,
1794,22.52,Coal,0.22299999999999898,0.01000134547248504
1794,0.0,Other industry,0.0,
1795,22.315,Coal,-0.2049999999999983,-0.009103019538188201
1795,0.0,Other industry,0.0,
1796,22.121,Coal,-0.19400000000000261,-0.008693703786690684
1796,0.0,Other industry,0.0,
1797,22.09,Coal,-0.030999999999998806,-0.0014013833009357086
1797,0.0,Other industry,0.0,
1798,23.106,Coal,1.0160000000000018,0.045993662290629324
1798,0.0,Other industry,0.0,
1799,27.485,Coal,4.378999999999998,0.18951787414524354
1799,0.0,Other industry,0.0,
1800,32.798,Coal,5.313000000000002,0.19330543933054403
1800,0.0,Other industry,0.0,
1801,31.986,Coal,-0.8120000000000012,-0.024757607171169007
1801,0.0,Other industry,0.0,
1802,40.31,Coal,8.324000000000002,0.26023885449884326
1802,0.0,Other industry,0.0,
1803,29.539,Coal,-10.771,-0.2672041677003225
1803,0.0,Other industry,0.0,
1804,31.769,Coal,2.229999999999997,0.07549341548461345
1804,0.0,Other industry,0.0,
1805,31.252,Coal,-0.5169999999999995,-0.016273725959268452
1805,0.0,Other industry,0.0,
1806,32.705,Coal,1.4529999999999994,0.04649302444643541
1806,0.0,Other industry,0.0,
1807,36.201,Coal,3.496000000000002,0.10689497018804471
1807,0.0,Other industry,0.0,
1808,35.498,Coal,-0.703000000000003,-0.01941935305654548
1808,0.0,Other industry,0.0,
1809,36.334,Coal,0.8360000000000056,0.02355062257028581
1809,0.0,Other industry,0.0,
1810,39.492,Coal,3.157999999999994,0.08691583640667126
1810,0.0,Other industry,0.0,
1811,40.177,Coal,0.6850000000000023,0.01734528512103723
1811,0.0,Other industry,0.0,
1812,40.815,Coal,0.6379999999999981,0.01587973218508097
1812,0.0,Other industry,0.0,
1813,41.206,Coal,0.39100000000000534,0.009579811343868807
1813,0.0,Other industry,0.0,
1814,42.227,Coal,1.0209999999999937,0.024777944959471766
1814,0.0,Other industry,0.0,
1815,43.587,Coal,1.3600000000000065,0.03220688185284312
1815,0.0,Other industry,0.0,
1816,45.497,Coal,1.9099999999999966,0.04382040516667805
1816,0.0,Other industry,0.0,
1817,49.276,Coal,3.7790000000000035,0.08306042156625719
1817,0.0,Other industry,0.0,
1818,51.392,Coal,2.1159999999999997,0.04294179722380062
1818,0.0,Other industry,0.0,
1819,50.93,Coal,-0.4620000000000033,-0.008989726027397324
1819,0.0,Other industry,0.0,
1820,50.733,Coal,-0.19700000000000273,-0.003868054192028328
1820,0.0,Other industry,0.0,
1821,52.059,Coal,1.3260000000000005,0.026136834013364096
1821,0.0,Other industry,0.0,
1822,54.022,Coal,1.963000000000001,0.03770721681169444
1822,0.0,Other industry,0.0,
1823,56.358,Coal,2.3359999999999985,0.04324164229388024
1823,0.0,Other industry,0.0,
1824,57.584,Coal,1.2260000000000062,0.021753788282054123
1824,0.0,Other industry,0.0,
1825,60.731,Coal,3.1469999999999985,0.05465059738816335
1825,0.0,Other industry,0.0,
1826,61.382,Coal,0.6509999999999962,0.010719401952874089
1826,0.0,Other industry,0.0,
1827,65.739,Coal,4.357000000000006,0.07098172102570798
1827,0.0,Other industry,0.0,
1828,66.682,Coal,0.9429999999999978,0.014344605181094903
1828,0.0,Other industry,0.0,
1829,66.307,Coal,-0.375,-0.005623706547494076
1829,0.0,Other industry,0.0,
1830,88.988,Coal,22.680999999999997,0.3420604159440179
1830,0.0,Other industry,0.0,
1831,83.251,Coal,-5.736999999999995,-0.0644693666561783
1831,0.0,Other industry,0.0,
1832,82.092,Coal,-1.159000000000006,-0.013921754693637385
1832,0.0,Other industry,0.0,
1833,83.249,Coal,1.1569999999999965,0.014093943380597336
1833,0.0,Other industry,0.0,
1834,88.763,Coal,5.51400000000001,0.06623502985020853
1834,0.0,Other industry,0.0,
1835,97.4,Coal,8.637,0.0973040568705429
1835,0.0,Other industry,0.0,
1836,106.894,Coal,9.494,0.09747433264887063
1836,0.0,Other industry,0.0,
1837,106.199,Coal,-0.6950000000000074,-0.006501768106722617
1837,0.0,Other industry,0.0,
1838,105.845,Coal,-0.3539999999999992,-0.003333364720948401
1838,0.0,Other industry,0.0,
1839,109.653,Coal,3.808000000000007,0.035977136378666986
1839,0.0,Other industry,0.0,
1840,118.809,Coal,9.155999999999992,0.08349976744822295
1840,0.0,Other industry,0.0,
1841,122.166,Coal,3.3569999999999993,0.028255435194303458
1841,0.0,Other industry,0.0,
1842,129.389,Coal,7.223000000000013,0.05912446998346523
1842,0.0,Other industry,0.0,
1843,132.369,Coal,2.9799999999999898,0.023031324146565703
1843,0.0,Other industry,0.0,
1844,141.966,Coal,9.597000000000008,0.07250186977313426
1844,0.0,Other industry,0.0,
1845,155.073,Coal,13.107,0.09232492286885591
1845,0.0,Other industry,0.0,
1846,157.702,Coal,2.6289999999999907,0.01695330586240023
1846,0.0,Other industry,0.0,
1847,170.797,Coal,13.094999999999999,0.08303635971642719
1847,0.0,Other industry,0.0,
1848,173.643,Coal,2.8460000000000036,0.016663056142672317
1848,0.0,Other industry,0.0,
1849,185.048,Coal,11.405000000000001,0.06568073576245516
1849,0.0,Other industry,0.0,
1850,196.848,Coal,11.800000000000011,0.06376723877048124
1850,0.0,Other industry,0.0,
1851,198.779,Coal,1.9309999999999832,0.009809599284727216
1851,0.0,Other industry,0.0,
1852,207.595,Coal,8.816000000000003,0.04435076139833686
1852,0.0,Other industry,0.0,
1853,217.237,Coal,9.641999999999996,0.04644620535176664
1853,0.0,Other industry,0.0,
1854,255.039,Coal,37.80199999999999,0.17401271422455655
1854,0.0,Other industry,0.0,
1855,260.223,Coal,5.184000000000026,0.02032630303600636
1855,0.037,Oil,,
1855,0.0,Other industry,0.0,
1856,278.205,Coal,17.98199999999997,0.06910226997613574
1856,0.04,Oil,0.0030000000000000027,0.08108108108108115
1856,0.0,Other industry,0.0,
1857,281.13,Coal,2.9250000000000114,0.010513829729875492
1857,0.051,Oil,0.010999999999999996,0.2749999999999999
1857,0.0,Other industry,0.0,
1858,285.486,Coal,4.3559999999999945,0.015494611034041171
1858,0.062,Oil,0.011000000000000003,0.215686274509804
1858,0.0,Other industry,0.0,
1859,302.517,Coal,17.031000000000006,0.05965616527605559
1859,0.055,Oil,-0.006999999999999999,-0.1129032258064516
1859,0.0,Other industry,0.0,
1860,332.025,Coal,29.50799999999998,0.09754162575987459
1860,0.273,Oil,0.21800000000000003,3.9636363636363643
1860,0.0,Other industry,0.0,
1861,348.249,Coal,16.224000000000046,0.04886379037723077
1861,0.941,Oil,0.6679999999999999,2.4468864468864466
1861,0.0,Other industry,0.0,
1862,354.592,Coal,6.342999999999961,0.018213979078188194
1862,1.399,Oil,0.4580000000000001,0.4867162592986186
1862,0.0,Other industry,0.0,
1863,378.242,Coal,23.650000000000034,0.06669637216857695
1863,1.293,Oil,-0.1060000000000001,-0.07576840600428884
1863,0.0,Other industry,0.0,
1864,408.416,Coal,30.173999999999978,0.07977432437434229
1864,1.11,Oil,-0.18299999999999983,-0.14153132250580033
1864,0.0,Other industry,0.0,
1865,433.532,Coal,25.115999999999985,0.06149612160150431
1865,1.32,Oil,0.20999999999999996,0.18918918918918914
1865,0.0,Other industry,0.0,
1866,447.115,Coal,13.583000000000027,0.0313310205475029
1866,1.952,Oil,0.6319999999999999,0.4787878787878787
1866,0.0,Other industry,0.0,
1867,478.829,Coal,31.714,0.07093029757444952
1867,1.985,Oil,0.03300000000000014,0.016905737704918104
1867,0.0,Other industry,0.0,
1868,492.205,Coal,13.375999999999976,0.02793481597814664
1868,2.288,Oil,0.3029999999999997,0.15264483627204015
1868,0.0,Other industry,0.0,
1869,522.117,Coal,29.911999999999978,0.06077142653975473
1869,2.614,Oil,0.32600000000000007,0.14248251748251753
1869,0.0,Other industry,0.0,
1870,532.99,Coal,10.873000000000047,0.02082483428043915
1870,3.133,Oil,0.5190000000000001,0.1985462892119358
1870,0.0,Other industry,0.0,
1871,566.495,Coal,33.504999999999995,0.06286234263307003
1871,3.282,Oil,0.14900000000000002,0.04755825087775296
1871,0.0,Other industry,0.0,
1872,627.264,Coal,60.769000000000005,0.10727190884297302
1872,3.698,Oil,0.4159999999999999,0.12675198049969527
1872,0.0,Other industry,0.0,
1873,664.798,Coal,37.53399999999999,0.059837644117947134
1873,5.669,Oil,1.9709999999999996,0.532990805840995
1873,0.0,Other industry,0.0,
1874,622.42,Coal,-42.37800000000004,-0.06374567913862564
1874,6.242,Oil,0.5730000000000004,0.10107602751808087
1874,0.0,Other industry,0.0,
1875,675.214,Coal,52.794000000000096,0.08482053918575898
1875,5.834,Oil,-0.40800000000000036,-0.0653636654918296
1875,0.0,Other industry,0.0,
1876,684.048,Coal,8.833999999999946,0.013083259529571284
1876,6.534,Oil,0.7000000000000002,0.11998628728145358
1876,0.0,Other industry,0.0,
1877,695.211,Coal,11.163000000000011,0.0163190302434917
1877,8.822,Oil,2.2879999999999994,0.3501683501683501
1877,0.0,Other industry,0.0,
1878,699.612,Coal,4.400999999999954,0.0063304521936504935
1878,10.038,Oil,1.216000000000001,0.13783722511902077
1878,0.0,Other industry,0.0,
1879,747.138,Coal,47.52600000000007,0.06793193941784885
1879,12.657,Oil,2.6189999999999998,0.26090854751942616
1879,0.0,Other industry,0.0,
1880,0.172,Cement,,
1880,842.695,Coal,95.55700000000002,0.12789738977270598
1880,15.36,Oil,2.7029999999999994,0.2135577150983645
1880,0.0,Other industry,0.0,
1881,0.208,Cement,0.036000000000000004,0.2093023255813954
1881,870.726,Coal,28.03099999999995,0.033263517642800715
1881,17.239,Oil,1.8790000000000013,0.12233072916666676
1881,0.0,Other industry,0.0,
1882,0.27,Cement,0.06200000000000003,0.29807692307692324
1882,918.787,Coal,48.061000000000035,0.055196468234553736
1882,0.165,Gas,,
1882,18.936,Oil,1.6969999999999992,0.0984395846626834
1882,0.0,Other industry,0.0,
1883,0.348,Cement,0.07799999999999996,0.2888888888888887
1883,980.636,Coal,61.84899999999993,0.06731592850138272
1883,0.381,Gas,0.216,1.309090909090909
1883,16.498,Oil,-2.437999999999999,-0.12874947190536537
1883,0.0,Other industry,0.0,
1884,0.333,Cement,-0.014999999999999958,-0.043103448275861954
1884,989.938,Coal,9.302000000000021,0.009485680721490973
1884,1.172,Gas,0.7909999999999999,2.076115485564304
1884,18.319,Oil,1.820999999999998,0.11037701539580543
1884,0.0,Other industry,0.0,
1885,0.345,Cement,0.011999999999999955,0.0360360360360359
1885,994.473,Coal,4.534999999999968,0.004581094977665236
1885,3.715,Gas,2.543,2.1697952218430037
1885,18.956,Oil,0.6370000000000005,0.034772640427970986
1885,0.0,Other industry,0.0,
1886,0.374,Cement,0.029000000000000026,0.08405797101449283
1886,1003.117,Coal,8.644000000000005,0.008692040910110185
1886,7.676,Gas,3.9610000000000003,1.0662180349932706
1886,21.821,Oil,2.865000000000002,0.15113948090314422
1886,0.0,Other industry,0.0,
1887,0.556,Cement,0.18200000000000005,0.48663101604278086
1887,1048.46,Coal,45.343000000000075,0.04520210503859478
1887,11.787,Gas,4.111000000000001,0.5355653986451278
1887,23.479,Oil,1.6579999999999977,0.0759818523440721
1887,0.0,Other industry,0.0,
1888,0.541,Cement,-0.015000000000000013,-0.026978417266187073
1888,1159.449,Coal,110.98900000000003,0.1058590694923984
1888,16.774,Gas,4.987,0.42309323831339607
1888,24.578,Oil,1.0990000000000002,0.04680778568082117
1888,0.0,Other industry,0.0,
1889,0.582,Cement,0.040999999999999925,0.07578558225508304
1889,1160.885,Coal,1.4359999999999218,0.0012385193311649945
1889,12.227,Gas,-4.547000000000001,-0.27107428162632646
1889,28.404,Oil,3.8260000000000005,0.155667670274229
1889,0.0,Other industry,0.0,
1890,0.665,Cement,0.08300000000000007,0.14261168384879738
1890,1260.254,Coal,99.36899999999991,0.08559762594916802
1890,11.688,Gas,-0.5389999999999997,-0.044082767645374964
1890,34.648,Oil,6.244000000000003,0.21982819321222374
1890,0.0,Other industry,0.0,
1891,0.684,Cement,0.019000000000000017,0.028571428571428595
1891,1319.138,Coal,58.884000000000015,0.04672391438551278
1891,8.947,Gas,-2.7410000000000014,-0.23451403148528416
1891,40.829,Oil,6.180999999999997,0.17839413530362494
1891,0.0,Other industry,0.0,
1892,0.728,Cement,0.04399999999999993,0.06432748538011684
1892,1331.829,Coal,12.691000000000031,0.009620676532705473
1892,7.775,Gas,-1.1719999999999988,-0.13099362914943544
1892,40.204,Oil,-0.625,-0.01530774694457371
1892,0.0,Other industry,0.0,
1893,0.665,Cement,-0.06299999999999994,-0.08653846153846147
1893,1312.683,Coal,-19.145999999999958,-0.014375719405419133
1893,7.288,Gas,-0.4870000000000001,-0.06263665594855307
1893,42.544,Oil,2.3399999999999963,0.058203163864292015
1893,0.0,Other industry,0.0,
1894,0.695,Cement,0.029999999999999916,0.04511278195488709
1894,1363.137,Coal,50.45399999999995,0.03843578381071436
1894,6.698,Gas,-0.5899999999999999,-0.08095499451152577
1894,41.697,Oil,-0.8469999999999942,-0.01990880030086485
1894,0.0,Other industry,0.0,
1895,0.726,Cement,0.031000000000000028,0.04460431654676263
1895,1439.659,Coal,76.52200000000016,0.0561366905894273
1895,7.042,Gas,0.3439999999999994,0.05135861451179448
1895,48.536,Oil,6.838999999999999,0.16401659591817153
1895,0.0,Other industry,0.0,
1896,0.791,Cement,0.06500000000000006,0.08953168044077144
1896,1485.244,Coal,45.58499999999981,0.03166374815147185
1896,6.848,Gas,-0.19399999999999995,-0.027548991763703488
1896,52.568,Oil,4.0319999999999965,0.08307235866161193
1896,0.0,Other industry,0.0,
1897,0.914,Cement,0.123,0.1554993678887484
1897,1554.677,Coal,69.43299999999999,0.04674854771337235
1897,7.288,Gas,0.4400000000000004,0.0642523364485982
1897,55.527,Oil,2.959000000000003,0.05628899710850714
1897,0.0,Other industry,0.0,
1898,1.007,Cement,0.09299999999999986,0.1017505470459517
1898,1640.331,Coal,85.654,0.05509440224561115
1898,8.46,Gas,1.1720000000000006,0.16081229418221743
1898,57.169,Oil,1.641999999999996,0.029571199596592573
1898,0.0,Other industry,0.0,
1899,1.29,Cement,0.28300000000000014,0.2810327706057599
1899,1792.204,Coal,151.87300000000005,0.09258680107856283
1899,10.904,Gas,2.443999999999999,0.28888888888888875
1899,60.026,Oil,2.8570000000000064,0.0499746366037539
1899,0.0,Other industry,0.0,
1900,1.395,Cement,0.10499999999999998,0.08139534883720928
1900,1882.645,Coal,90.44100000000003,0.05046356329971367
1900,11.542,Gas,0.6379999999999999,0.058510638297872335
1900,67.303,Oil,7.276999999999994,0.12123079998667233
1900,0.0,Other industry,0.0,
1901,1.666,Cement,0.2709999999999999,0.19426523297491033
1901,1936.356,Coal,53.71100000000001,0.028529542213215988
1901,12.861,Gas,1.3190000000000008,0.11427828799168263
1901,74.746,Oil,7.442999999999998,0.11058942394841238
1901,0.0,Other industry,0.0,
1902,2.158,Cement,0.492,0.29531812725090034
1902,1980.299,Coal,43.942999999999984,0.022693657571231728
1902,13.696,Gas,0.8349999999999991,0.06492496695435807
1902,80.803,Oil,6.057000000000002,0.0810344366253713
1902,0.0,Other industry,0.0,
1903,2.548,Cement,0.3900000000000001,0.18072289156626511
1903,2161.955,Coal,181.65599999999995,0.09173160214694849
1903,14.528,Gas,0.8320000000000007,0.060747663551401924
1903,85.56,Oil,4.757000000000005,0.05887157655037567
1903,0.0,Other industry,0.0,
1904,2.749,Cement,0.20100000000000007,0.07888540031397177
1904,2174.434,Coal,12.47900000000027,0.005772090538424837
1904,15.165,Gas,0.6369999999999987,0.04384636563876643
1904,96.073,Oil,10.512999999999991,0.12287283777466095
1904,1.834,Other industry,1.834,
1905,3.512,Cement,0.7629999999999999,0.27755547471807923
1905,2320.898,Coal,146.46399999999994,0.06735729849698815
1905,17.17,Gas,2.0050000000000026,0.13221233102538757
1905,97.01,Oil,0.9370000000000118,0.009753000322671426
1905,1.98,Other industry,0.1459999999999999,0.07960741548527803
1906,4.497,Cement,0.9849999999999999,0.2804669703872437
1906,2425.449,Coal,104.55099999999993,0.04504764965974374
1906,19.027,Gas,1.8569999999999993,0.10815375655212575
1906,97.878,Oil,0.867999999999995,0.008947531182352282
1906,2.127,Other industry,0.1469999999999998,0.07424242424242414
1907,4.63,Cement,0.133,0.029575272403824775
1907,2758.979,Coal,333.52999999999975,0.13751268321865343
1907,19.877,Gas,0.8499999999999979,0.04467335891102107
1907,119.41,Oil,21.531999999999996,0.21998814851141213
1907,2.054,Other industry,-0.07299999999999995,-0.03432063939821343
1908,4.824,Cement,0.19399999999999995,0.04190064794816414
1908,2635.282,Coal,-123.69699999999966,-0.044834339079782654
1908,19.676,Gas,-0.2010000000000005,-0.010112189968305103
1908,128.779,Oil,9.369,0.07846076543003098
1908,1.834,Other industry,-0.21999999999999975,-0.10710808179162598
1909,6.06,Cement,1.2359999999999998,0.25621890547263676
1909,2740.823,Coal,105.54099999999971,0.04004922433348678
1909,23.523,Gas,3.8470000000000013,0.19551738158162235
1909,134.358,Oil,5.579000000000008,0.04332228080665332
1909,2.347,Other industry,0.5129999999999999,0.27971646673936745
1910,7.083,Cement,1.0230000000000006,0.1688118811881189
1910,2871.834,Coal,131.01099999999997,0.04779987616858147
1910,24.915,Gas,1.3919999999999995,0.059176125494197145
1910,144.094,Oil,9.73599999999999,0.07246312091576229
1910,2.347,Other industry,0.0,0.0
1911,7.258,Cement,0.17499999999999982,0.0247070450374135
1911,2909.144,Coal,37.309999999999945,0.012991697988114894
1911,25.718,Gas,0.8030000000000008,0.03222958057395147
1911,152.815,Oil,8.721000000000004,0.0605229919358197
1911,2.274,Other industry,-0.07299999999999995,-0.031103536429484428
1912,7.629,Cement,0.37099999999999955,0.051116009920088114
1912,3058.476,Coal,149.33200000000033,0.05133193819212811
1912,28.315,Gas,2.5970000000000013,0.10097985846488845
1912,157.161,Oil,4.346000000000004,0.028439616529790948
1912,2.347,Other industry,0.07299999999999995,0.03210202286719435
1913,8.516,Cement,0.8870000000000005,0.11626687639271209
1913,3302.354,Coal,243.8779999999997,0.07973840566347412
1913,29.598,Gas,1.2829999999999977,0.04531167225852013
1913,181.957,Oil,24.795999999999992,0.15777451148821903
1913,2.421,Other industry,0.07399999999999984,0.03152961227098417
1914,8.111,Cement,-0.40499999999999936,-0.047557538750587054
1914,2971.226,Coal,-331.1279999999997,-0.10027029204016279
1914,30.136,Gas,0.5380000000000003,0.018176903844854393
1914,186.003,Oil,4.045999999999992,0.022236022796594757
1914,2.274,Other industry,-0.1469999999999998,-0.060718711276332014
1915,7.915,Cement,-0.19600000000000062,-0.024164714585131378
1915,2908.266,Coal,-62.960000000000036,-0.02118990611956143
1915,31.866,Gas,1.7300000000000004,0.057406424210246894
1915,197.563,Oil,11.560000000000002,0.06214953522255019
1915,2.421,Other industry,0.1469999999999998,0.06464379947229543
1916,8.441,Cement,0.5260000000000007,0.06645609602021486
1916,3135.505,Coal,227.23900000000003,0.07813556256545998
1916,38.377,Gas,6.511000000000003,0.2043243582501727
1916,215.195,Oil,17.632000000000005,0.08924748055050798
1916,2.714,Other industry,0.29300000000000015,0.12102437009500214
1917,8.509,Cement,0.06799999999999962,0.00805591754531449
1917,3265.622,Coal,130.11699999999973,0.041497940523137336
1917,40.509,Gas,2.131999999999998,0.05555410792922839
1917,239.365,Oil,24.170000000000016,0.11231673598364282
1917,2.494,Other industry,-0.21999999999999975,-0.0810611643330876
1918,6.519,Cement,-1.9900000000000002,-0.23387001997884593
1918,3215.897,Coal,-49.72499999999991,-0.015226808246637214
1918,36.519,Gas,-3.990000000000002,-0.09849663037843447
1918,245.023,Oil,5.657999999999987,0.023637540993879585
1918,2.127,Other industry,-0.36700000000000044,-0.14715316760224556
1919,7.399,Cement,0.8799999999999999,0.13499002914557445
1919,2720.155,Coal,-495.74199999999973,-0.15415356897313556
1919,37.948,Gas,1.429000000000002,0.03913031572606047
1919,273.411,Oil,28.388000000000005,0.11585851124180181
1919,2.201,Other industry,0.07400000000000029,0.03479078514339459
1920,9.07,Cement,1.6710000000000003,0.22584132990944725
1920,3132.616,Coal,412.4609999999998,0.15163143276761792
1920,41.685,Gas,3.737000000000002,0.09847686307578797
1920,361.039,Oil,87.62799999999999,0.32049917523435406
1920,2.347,Other industry,0.1459999999999999,0.06633348477964557
1921,8.94,Cement,-0.13000000000000078,-0.01433296582138928
1921,2672.104,Coal,-460.51200000000017,-0.14700556978576376
1921,34.992,Gas,-6.693000000000005,-0.16056135300467805
1921,397.27,Oil,36.230999999999995,0.10035203953035543
1921,1.687,Other industry,-0.6599999999999999,-0.2812100553898594
1922,10.448,Cement,1.508000000000001,0.16868008948545873
1922,2773.434,Coal,101.33000000000038,0.03792142820788427
1922,40.107,Gas,5.115000000000002,0.14617626886145413
1922,438.308,Oil,41.03800000000001,0.1033000226546178
1922,2.421,Other industry,0.7339999999999998,0.4350918790752814
1923,12.507,Cement,2.0589999999999993,0.19707120980091877
1923,3149.715,Coal,376.28099999999995,0.13567332051168332
1923,52.526,Gas,12.419000000000004,0.30964669509063264
1923,485.534,Oil,47.226,0.10774615110835303
1923,2.714,Other industry,0.29300000000000015,0.12102437009500214
1924,13.582,Cement,1.075000000000001,0.08595186695450556
1924,3155.952,Coal,6.23700000000008,0.0019801791590667982
1924,59.709,Gas,7.183,0.1367513231542474
1924,484.185,Oil,-1.3489999999999895,-0.0027783842120222054
1924,2.714,Other industry,0.0,0.0
1925,14.429,Cement,0.8469999999999995,0.06236194963922835
1925,3153.677,Coal,-2.275000000000091,-0.0007208601398247155
1925,63.923,Gas,4.213999999999999,0.07057562511514175
1925,505.524,Oil,21.339,0.04407199727376932
1925,3.081,Other industry,0.367,0.13522476050110538
1926,14.74,Cement,0.31099999999999994,0.021553815233210892
1926,3084.044,Coal,-69.63300000000027,-0.02207994033631227
1926,69.145,Gas,5.221999999999994,0.08169203573048815
1926,506.47,Oil,0.9460000000000264,0.0018713255948283887
1926,3.007,Other industry,-0.07399999999999984,-0.024018175916910044
1927,15.448,Cement,0.7080000000000002,0.04803256445047491
1927,3364.399,Coal,280.355,0.09090499357337316
1927,76.018,Gas,6.873000000000005,0.09939981198929793
1927,554.148,Oil,47.678,0.09413785614152861
1927,2.934,Other industry,-0.07299999999999995,-0.024276687728633173
1928,35.583,Cement,20.134999999999998,1.3034049715173484
1928,3307.581,Coal,-56.817999999999756,-0.01688800882416139
1928,82.623,Gas,6.605000000000004,0.08688731616196169
1928,567.589,Oil,13.441000000000031,0.02425525310927772
1928,2.934,Other industry,0.0,0.0
1929,36.873,Cement,1.2899999999999991,0.036253267009526996
1929,3523.884,Coal,216.30299999999988,0.06539613088840451
1929,102.895,Gas,20.27199999999999,0.24535540951066884
1929,621.698,Oil,54.108999999999924,0.09533130487024928
1929,2.861,Other industry,-0.07299999999999995,-0.024880708929788668
1930,35.561,Cement,-1.3119999999999976,-0.03558159086594521
1930,3216.251,Coal,-307.6329999999998,-0.0872994116718938
1930,104.225,Gas,1.3299999999999983,0.012925798143738747
1930,599.784,Oil,-21.913999999999987,-0.03524862553844469
1930,2.274,Other industry,-0.5870000000000002,-0.20517301642782249
1931,30.894,Cement,-4.667000000000002,-0.1312392789854054
1931,2833.196,Coal,-383.0550000000003,-0.11909984637393048
1931,92.889,Gas,-11.335999999999999,-0.10876469177260734
1931,580.507,Oil,-19.277000000000044,-0.03213990369866493
1931,1.834,Other industry,-0.43999999999999995,-0.19349164467897975
1932,24.694,Cement,-6.199999999999999,-0.20068621738848966
1932,2522.37,Coal,-310.826,-0.10970861175859349
1932,88.22,Gas,-4.668999999999997,-0.05026429394223209
1932,555.986,Oil,-24.520999999999958,-0.04224066204197358
1932,1.32,Other industry,-0.514,-0.2802617230098146
1933,23.839,Cement,-0.8550000000000004,-0.03462379525390785
1933,2638.807,Coal,116.4369999999999,0.04616174470834965
1933,90.919,Gas,2.698999999999998,0.030593969621401023
1933,607.577,Oil,51.59100000000001,0.09279190483213608
1933,1.54,Other industry,0.21999999999999997,0.16666666666666663
1934,28.514,Cement,4.675000000000001,0.196107219262553
1934,2880.47,Coal,241.663,0.09158039977914263
1934,101.952,Gas,11.033000000000001,0.12134977287475666
1934,643.636,Oil,36.05899999999997,0.059348856194358854
1934,1.614,Other industry,0.07400000000000007,0.048051948051948096
1935,32.058,Cement,3.5440000000000005,0.12428982254331207
1935,2998.369,Coal,117.89900000000034,0.040930473151951016
1935,111.374,Gas,9.421999999999997,0.09241603892027618
1935,691.96,Oil,48.32400000000007,0.07507970343486081
1935,1.98,Other industry,0.3659999999999999,0.2267657992565055
1936,38.736,Cement,6.677999999999997,0.20830993823694546
1936,3287.721,Coal,289.35199999999986,0.09650313220287425
1936,125.532,Gas,14.158000000000001,0.12712123116705876
1936,753.446,Oil,61.48599999999999,0.08885773744147059
1936,2.494,Other industry,0.5140000000000002,0.2595959595959597
1937,40.804,Cement,2.068000000000005,0.05338703015282954
1937,3465.992,Coal,178.27100000000019,0.05422327502850765
1937,140.578,Gas,15.046000000000006,0.11985788484211203
1937,846.626,Oil,93.17999999999995,0.12367176944333097
1937,2.714,Other industry,0.21999999999999975,0.08821170809943854
1938,38.521,Cement,-2.2830000000000013,-0.05595039701990004
1938,3230.586,Coal,-235.4060000000004,-0.06791879496548185
1938,135.497,Gas,-5.080999999999989,-0.03614363556175212
1938,822.813,Oil,-23.812999999999988,-0.028126941530262465
1938,2.201,Other industry,-0.5129999999999999,-0.18901989683124537
1939,35.659,Cement,-2.862000000000002,-0.07429713662677505
1939,3435.781,Coal,205.19500000000016,0.06351634037911394
1939,141.331,Gas,5.833999999999975,0.043056303829604896
1939,854.5,Oil,31.687000000000012,0.03851057287621855
1939,2.861,Other industry,0.6600000000000001,0.299863698318946
1940,31.431,Cement,-4.227999999999998,-0.11856754255587644
1940,3795.503,Coal,359.7220000000002,0.10469875699295159
1940,153.52,Gas,12.189000000000021,0.08624434837367614
1940,900.981,Oil,46.480999999999995,0.05439555295494441
1940,3.227,Other industry,0.36599999999999966,0.12792729814750076
1941,43.293,Cement,11.861999999999998,0.3773981101460341
1941,3885.963,Coal,90.46000000000004,0.023833468185903168
1941,153.463,Gas,-0.05700000000001637,-0.0003712871287129779
1941,912.337,Oil,11.355999999999995,0.012604039374859176
1941,4.034,Other industry,0.8069999999999999,0.2500774713356058
1942,38.376,Cement,-4.917000000000002,-0.11357494283140465
1942,3910.556,Coal,24.592999999999847,0.006328675800567284
1942,166.049,Gas,12.586000000000013,0.08201325400910978
1942,863.508,Oil,-48.82899999999995,-0.05352079330335167
1942,4.034,Other industry,0.0,0.0
1943,34.769,Cement,-3.6069999999999993,-0.09399103606420678
1943,3926.686,Coal,16.13000000000011,0.004124733158149406
1943,182.9,Gas,16.851,0.10148209263530644
1943,926.591,Oil,63.08299999999997,0.07305433186490451
1943,4.328,Other industry,0.2940000000000005,0.07288051561725346
1944,22.664,Cement,-12.104999999999997,-0.3481549656303028
1944,3869.107,Coal,-57.57900000000018,-0.014663510145705608
1944,197.601,Gas,14.700999999999993,0.08037725533078181
1944,1068.786,Oil,142.19500000000005,0.1534603724836525
1944,4.328,Other industry,0.0,0.0
1945,22.986,Cement,0.3219999999999992,0.0142075538298623
1945,2999.876,Coal,-869.2309999999998,-0.22465933353613632
1945,216.7,Gas,19.09899999999999,0.09665436915805077
1945,1045.789,Oil,-22.99700000000007,-0.02151693603771014
1945,3.961,Other industry,-0.36700000000000044,-0.08479667282809622
1946,36.306,Cement,13.319999999999997,0.5794831636648393
1946,3236.01,Coal,236.13400000000001,0.07871458686959061
1946,223.837,Gas,7.1370000000000005,0.03293493308721736
1946,1108.431,Oil,62.64200000000005,0.05989927222412939
1946,3.961,Other industry,0.0,0.0
1947,43.141,Cement,6.835000000000001,0.18826089351622324
1947,3623.154,Coal,387.1439999999998,0.11963621867670364
1947,247.893,Gas,24.05600000000001,0.10747106153138226
1947,1246.469,Oil,138.038,0.12453458988425983
1947,4.548,Other industry,0.5870000000000002,0.1481949002777077
1948,51.635,Cement,8.494,0.19688927006791684
1948,3740.727,Coal,117.57299999999987,0.032450456149531556
1948,280.127,Gas,32.23400000000001,0.130031908928449
1948,1370.552,Oil,124.08299999999986,0.09954760206631681
1948,4.841,Other industry,0.29300000000000015,0.06442392260334216
1949,58.189,Cement,6.554000000000002,0.12692940834705146
1949,3547.274,Coal,-193.45299999999997,-0.05171534838014107
1949,300.46,Gas,20.33299999999997,0.07258493469033678
1949,1293.929,Oil,-76.62299999999982,-0.055906671180662844
1949,4.181,Other industry,-0.6600000000000001,-0.1363354678785375
1950,66.9,Cement,8.711000000000006,0.14970183367990522
1950,3879.955,Coal,332.68100000000004,0.09378497403922
1950,73.624,Flaring,,
1950,353.156,Gas,52.696000000000026,0.17538441057045873
1950,1551.783,Oil,257.8539999999998,0.19927986775163073
1950,4.988,Other industry,0.8070000000000004,0.19301602487443204
1951,75.766,Cement,8.866,0.13252615844544094
1951,4084.146,Coal,204.19100000000026,0.05262715675826144
1951,79.875,Flaring,6.251000000000005,0.08490437900684566
1951,416.186,Gas,63.02999999999997,0.1784763673843853
1951,1720.176,Oil,168.39300000000003,0.10851581696667642
1951,5.501,Other industry,0.5129999999999999,0.10284683239775458
1952,80.746,Cement,4.97999999999999,0.06572869096956405
1952,4030.056,Coal,-54.090000000000146,-0.013243894806894793
1952,85.364,Flaring,5.489000000000004,0.0687198748043819
1952,447.086,Gas,30.900000000000034,0.07424564978158812
1952,1819.094,Oil,98.91800000000012,0.05750458092660293
1952,5.355,Other industry,-0.1459999999999999,-0.0265406289765497
1953,89.546,Cement,8.800000000000011,0.10898372674807436
1953,4061.101,Coal,31.045000000000073,0.007703366901105115
1953,81.348,Flaring,-4.016000000000005,-0.04704559299001927
1953,474.53,Gas,27.44399999999996,0.06138416322586697
1953,1938.059,Oil,118.96499999999992,0.06539793985357542
1953,6.455,Other industry,1.0999999999999996,0.2054154995331465
1954,97.134,Cement,7.587999999999994,0.08473857012038498
1954,4053.676,Coal,-7.425000000000182,-0.001828321925507438
1954,77.615,Flaring,-3.733000000000004,-0.04588926587008905
1954,501.356,Gas,26.826000000000022,0.05653172612901192
1954,2054.232,Oil,116.173,0.05994296355270918
1954,5.721,Other industry,-0.734,-0.11371030209140201
1955,107.436,Cement,10.302000000000007,0.10605967014639577
1955,4386.083,Coal,332.4069999999997,0.08200137356808973
1955,96.836,Flaring,19.221000000000004,0.24764542936288095
1955,547.242,Gas,45.88599999999997,0.09152378748833158
1955,2299.538,Oil,245.30600000000004,0.11941494436850368
1955,6.968,Other industry,1.2469999999999999,0.217968886558294
1956,116.488,Cement,9.051999999999992,0.08425481216724368
1956,4608.297,Coal,222.21399999999994,0.05066342793786619
1956,108.174,Flaring,11.338000000000008,0.11708455533066224
1956,587.242,Gas,40.0,0.07309380493456277
1956,2499.033,Oil,199.4949999999999,0.08675438283690023
1956,7.042,Other industry,0.07399999999999984,0.010619977037887463
1957,122.452,Cement,5.963999999999999,0.05119840670283633
1957,4691.583,Coal,83.28600000000006,0.01807305388519882
1957,106.383,Flaring,-1.791000000000011,-0.016556658716512386
1957,646.687,Gas,59.44500000000005,0.10122743264276066
1957,2612.05,Oil,113.01700000000028,0.04522429275643831
1957,6.822,Other industry,-0.21999999999999975,-0.031241124680488463
1958,129.694,Cement,7.24199999999999,0.0591415411753176
1958,4761.458,Coal,69.875,0.014893693663737806
1958,95.115,Flaring,-11.268,-0.10591917881616425
1958,705.853,Gas,59.16599999999994,0.09149093765608392
1958,2719.235,Oil,107.18499999999995,0.04103481939472826
1958,6.161,Other industry,-0.6610000000000005,-0.09689240691879221
1959,145.245,Cement,15.551000000000016,0.11990531558900194
1959,4953.932,Coal,192.47400000000016,0.040423332517056786
1959,91.693,Flaring,-3.421999999999997,-0.03597750091993899
1959,758.26,Gas,52.40700000000004,0.07424633741019737
1959,2897.693,Oil,178.45800000000008,0.06562801670322722
1959,8.289,Other industry,2.128,0.34539847427365694
1960,157.394,Cement,12.149000000000001,0.0836448758993425
1960,5158.323,Coal,204.39100000000053,0.04125833782135091
1960,89.14,Flaring,-2.5529999999999973,-0.027842910582050944
1960,834.618,Gas,76.35800000000006,0.10070160630918162
1960,3119.97,Oil,222.2769999999996,0.0767082641259787
1960,27.507,Other industry,19.218000000000004,2.3184943901556285
1961,164.144,Cement,6.75,0.042886005819789824
1961,4944.186,Coal,-214.13700000000063,-0.041512910300498945
1961,86.219,Flaring,-2.9210000000000065,-0.0327686784832848
1961,882.126,Gas,47.507999999999925,0.05692184927715425
1961,3309.097,Oil,189.1270000000004,0.0606182110725425
1961,29.219,Other industry,1.7119999999999997,0.062238702875631643
1962,176.364,Cement,12.219999999999999,0.07444682717613801
1962,4928.587,Coal,-15.59899999999925,-0.003155018844355623
1962,85.931,Flaring,-0.2879999999999967,-0.0033403310175251014
1962,967.82,Gas,85.69400000000007,0.09714485232268415
1962,3558.261,Oil,249.16399999999976,0.07529667459128571
1962,30.277,Other industry,1.0579999999999998,0.03620931585612101
1963,185.981,Cement,9.61699999999999,0.054529269011816414
1963,5107.931,Coal,179.34399999999914,0.03638852271452226
1963,90.506,Flaring,4.575000000000003,0.05324039054590314
1963,1046.95,Gas,79.13,0.08176107127358392
1963,3803.658,Oil,245.39699999999993,0.06896543002326135
1963,31.751,Other industry,1.4740000000000002,0.04868381940086535
1964,206.15,Cement,20.16900000000001,0.10844656174555471
1964,5213.215,Coal,105.28400000000056,0.02061186809297161
1964,112.792,Flaring,22.286,0.24623781848717213
1964,1152.992,Gas,106.04199999999992,0.10128659439323741
1964,4104.341,Oil,300.68300000000045,0.07905100826625329
1964,34.98,Other industry,3.2289999999999957,0.10169758432805252
1965,216.431,Cement,10.281000000000006,0.04987145282561244
1965,5289.088,Coal,75.87299999999959,0.01455397485045209
1965,130.443,Flaring,17.65100000000001,0.15649159514859218
1965,1230.667,Gas,77.67499999999995,0.06736820376897668
1965,4409.442,Oil,305.10099999999966,0.07433617235994759
1965,34.532,Other industry,-0.4480000000000004,-0.012807318467695838
1966,233.008,Cement,16.576999999999998,0.07659253988569104
1966,5349.978,Coal,60.89000000000033,0.011512381718738718
1966,144.566,Flaring,14.12299999999999,0.10826951235405495
1966,1339.98,Gas,109.3130000000001,0.08882419045932012
1966,4758.873,Oil,349.4309999999996,0.0792460814769759
1966,36.221,Other industry,1.689,0.048911154870844444
1967,239.881,Cement,6.8729999999999905,0.029496841310169566
1967,5261.868,Coal,-88.10999999999967,-0.016469226602427087
1967,190.783,Flaring,46.216999999999985,0.319694810674709
1967,1433.099,Gas,93.11899999999991,0.06949282825116786
1967,5074.54,Oil,315.66700000000037,0.06633230178657855
1967,37.2,Other industry,0.9790000000000063,0.02702851936721809
1968,255.273,Cement,15.391999999999996,0.0641651485528241
1968,5319.659,Coal,57.79099999999926,0.010982981709157139
1968,203.8,Flaring,13.017000000000024,0.06822934957517192
1968,1559.751,Gas,126.65200000000004,0.08837630896400042
1968,5528.198,Oil,453.65800000000036,0.08939884206253185
1968,38.593,Other industry,1.3930000000000007,0.0374462365591398
1969,270.599,Cement,15.325999999999993,0.060037685144923254
1969,5518.273,Coal,198.6140000000005,0.037335851790500196
1969,244.035,Flaring,40.234999999999985,0.19742394504416086
1969,1708.72,Gas,148.96900000000005,0.09550819329495544
1969,5978.462,Oil,450.2640000000001,0.08144860223892127
1969,41.708,Other industry,3.114999999999995,0.08071411914077668
1970,288.231,Cement,17.632000000000005,0.06515914692958956
1970,5698.858,Coal,180.58500000000004,0.032724912304991076
1970,277.747,Flaring,33.71200000000002,0.13814411867150211
1970,1790.936,Gas,82.2159999999999,0.04811554848073405
1970,6799.016,Oil,820.5539999999992,0.13725168780867036
1970,44.35,Other industry,2.642000000000003,0.06334516159969318
1971,303.058,Cement,14.826999999999998,0.05144137861645694
1971,5700.055,Coal,1.1970000000001164,0.00021004208211541968
1971,321.473,Flaring,43.726,0.15743104335960423
1971,1933.588,Gas,142.65200000000004,0.07965220421053575
1971,7201.027,Oil,402.0110000000004,0.05912782084937003
1971,44.661,Other industry,0.31099999999999994,0.0070124013528748575
1972,321.256,Cement,18.19799999999998,0.06004791162087778
1972,5691.283,Coal,-8.771999999999935,-0.0015389325190721728
1972,346.914,Flaring,25.440999999999974,0.07913883903158266
1972,2052.349,Gas,118.7610000000002,0.06142001295001841
1972,7764.705,Oil,563.6779999999999,0.07827744570323092
1972,48.072,Other industry,3.4110000000000014,0.07637536105326798
1973,340.161,Cement,18.90500000000003,0.05884714993649934
1973,5860.898,Coal,169.61499999999978,0.029802594599495365
1973,402.186,Flaring,55.27199999999999,0.15932478942908038
1973,2202.723,Gas,150.3739999999998,0.07326921493371731
1973,8219.69,Oil,454.9850000000006,0.05859655968900307
1973,51.627,Other industry,3.5549999999999997,0.07395157264103844
1974,340.611,Cement,0.44999999999998863,0.0013229029782955385
1974,5857.693,Coal,-3.2049999999999272,-0.000546844527920453
1974,391.389,Flaring,-10.796999999999969,-0.02684578776983776
1974,2256.541,Gas,53.81800000000021,0.024432486517823718
1974,8099.29,Oil,-120.40000000000055,-0.014647754355699611
1974,52.388,Other industry,0.7609999999999957,0.014740349042167774
1975,339.876,Cement,-0.7350000000000136,-0.00215788685626716
1975,6018.315,Coal,160.6219999999994,0.027420692753956102
1975,336.728,Flaring,-54.661,-0.1396590093232053
1975,2241.266,Gas,-15.275000000000091,-0.006769210043159017
1975,8005.122,Oil,-94.16799999999967,-0.011626698142676662
1975,47.169,Other industry,-5.219000000000001,-0.09962205085134003
1976,356.053,Cement,16.17700000000002,0.04759677058692
1976,6226.34,Coal,208.02500000000055,0.03456532268583491
1976,395.431,Flaring,58.702999999999975,0.17433358675251234
1976,2359.009,Gas,117.74299999999994,0.0525341481109337
1976,8475.642,Oil,470.5199999999995,0.05877736779027222
1976,50.017,Other industry,2.848000000000006,0.06037863851258255
1977,372.71,Cement,16.656999999999982,0.04678236105298925
1977,6375.023,Coal,148.683,0.023879678912491126
1977,381.487,Flaring,-13.94399999999996,-0.03526278920974825
1977,2411.72,Gas,52.710999999999785,0.022344552309889357
1977,8767.405,Oil,291.76300000000083,0.03442370501255254
1977,49.692,Other industry,-0.32500000000000284,-0.006497790751144667
1978,397.889,Cement,25.17900000000003,0.06755654530331902
1978,6510.128,Coal,135.10499999999956,0.021192864715938994
1978,390.189,Flaring,8.701999999999998,0.022810737980586488
1978,2541.737,Gas,130.01700000000028,0.05391048712122481
1978,9133.723,Oil,366.3179999999993,0.04178180430811617
1978,51.076,Other industry,1.3840000000000003,0.02785156564436932
1979,403.703,Cement,5.8139999999999645,0.014612115439230449
1979,6799.882,Coal,289.7539999999999,0.04450818785744304
1979,360.159,Flaring,-30.03000000000003,-0.07696270269023481
1979,2668.065,Gas,126.32799999999997,0.04970144432724549
1979,9224.317,Oil,90.59399999999914,0.009918627924231897
1979,52.464,Other industry,1.3879999999999981,0.02717518991307068
1980,406.156,Cement,2.4530000000000314,0.006076249123737083
1980,6984.99,Coal,185.10800000000017,0.027222237091761324
1980,316.456,Flaring,-43.702999999999975,-0.12134362878617493
1980,2741.514,Gas,73.44900000000007,0.02752893951234324
1980,8912.474,Oil,-311.84299999999894,-0.0338066222138722
1980,48.202,Other industry,-4.2620000000000005,-0.08123665751753585
1981,406.189,Cement,0.03300000000001546,8.124956913111086e-05
1981,6942.941,Coal,-42.04899999999998,-0.006019908403591126
1981,237.177,Flaring,-79.27900000000002,-0.25052139949945657
1981,2763.373,Gas,21.858999999999924,0.00797333152411402
1981,8483.404,Oil,-429.0699999999997,-0.04814263693784685
1981,46.672,Other industry,-1.5300000000000011,-0.03174142151777937
1982,404.047,Cement,-2.141999999999996,-0.005273407206989839
1982,7066.997,Coal,124.0560000000005,0.01786793233587906
1982,235.583,Flaring,-1.593999999999994,-0.006720719125378912
1982,2701.499,Gas,-61.87400000000025,-0.022390752171350104
1982,8276.258,Oil,-207.14600000000064,-0.024417792669074893
1982,45.361,Other industry,-1.311,-0.02808964689749743
1983,413.275,Cement,9.227999999999952,0.02283892715451408
1983,7269.239,Coal,202.24199999999928,0.028617813195618912
1983,212.848,Flaring,-22.734999999999985,-0.09650526566008577
1983,2743.12,Gas,41.621000000000095,0.015406631651538681
1983,8214.693,Oil,-61.56500000000051,-0.007438748284550881
1983,48.6,Other industry,3.2390000000000043,0.07140495138996064
1984,421.117,Cement,7.842000000000041,0.01897525860504517
1984,7586.115,Coal,316.8760000000002,0.04359135804999673
1984,186.753,Flaring,-26.095000000000027,-0.12259922573855533
1984,2972.027,Gas,228.90700000000015,0.08344768001399872
1984,8238.706,Oil,24.01300000000083,0.0029231768003990938
1984,52.532,Other industry,3.931999999999995,0.08090534979423858
1985,425.741,Cement,4.623999999999967,0.010980321383368439
1985,8144.824,Coal,558.7089999999998,0.07364889670140774
1985,181.449,Flaring,-5.303999999999974,-0.028401150182326248
1985,3089.7,Gas,117.67299999999977,0.03959351647882061
1985,8247.613,Oil,8.906999999999243,0.001081116379198292
1985,55.537,Other industry,3.0050000000000026,0.057203228508337825
1986,441.784,Cement,16.043000000000006,0.03768253468658177
1986,8261.466,Coal,116.64200000000073,0.014320996991463627
1986,169.67,Flaring,-11.779000000000025,-0.06491631257267895
1986,3014.606,Gas,-75.0939999999996,-0.02430462504450257
1986,8490.594,Oil,242.98099999999977,0.029460766405989196
1986,59.925,Other industry,4.387999999999998,0.07901038947008297
1987,458.382,Cement,16.598000000000013,0.037570396392807376
1987,8549.229,Coal,287.762999999999,0.03483195355400591
1987,163.009,Flaring,-6.661000000000001,-0.039258560735545484
1987,3281.567,Gas,266.9609999999998,0.08855585107970984
1987,8579.333,Oil,88.7390000000014,0.010451447802120959
1987,74.67,Other industry,14.745000000000005,0.24605757196495628
1988,481.928,Cement,23.545999999999992,0.051367636600041
1988,8836.429,Coal,287.2000000000007,0.03359367259901457
1988,185.629,Flaring,22.620000000000005,0.13876534424479633
1988,3435.978,Gas,154.41100000000006,0.04705404460734767
1988,8889.34,Oil,310.0069999999996,0.036134161012283776
1988,89.452,Other industry,14.781999999999996,0.19796437659033073
1989,492.073,Cement,10.144999999999982,0.021050862369482542
1989,8827.798,Coal,-8.630999999999403,-0.0009767520341078283
1989,150.973,Flaring,-34.65599999999998,-0.18669496684246523
1989,3604.958,Gas,168.98000000000002,0.04917959311730169
1989,9037.386,Oil,148.04600000000028,0.01665432979276305
1989,87.024,Other industry,-2.4279999999999973,-0.027143048785941034
1990,492.522,Cement,0.4490000000000123,0.0009124662397652631
1990,8659.787,Coal,-168.01100000000042,-0.01903203947349049
1990,256.788,Flaring,105.815,0.7008869135540792
1990,3790.182,Gas,185.2239999999997,0.05138034895274777
1990,9196.439,Oil,159.05299999999988,0.017599447450844734
1990,336.425,Other industry,249.401,2.865887571244714
1991,504.694,Cement,12.172000000000025,0.024713616853663443
1991,8574.09,Coal,-85.69700000000012,-0.009895970882424719
1991,272.16,Flaring,15.372000000000014,0.059862610402355305
1991,3851.52,Gas,61.33800000000019,0.016183391721030862
1991,9656.487,Oil,460.04799999999886,0.0500245801663012
1991,346.639,Other industry,10.213999999999999,0.03036040722300661
1992,525.922,Cement,21.22800000000001,0.042061130110522434
1992,8361.174,Coal,-212.91599999999926,-0.024832489512006437
1992,239.794,Flaring,-32.366000000000014,-0.11892269253380368
1992,3901.366,Gas,49.846000000000004,0.012941903456297775
1992,9154.655,Oil,-501.8319999999985,-0.051968381462119566
1992,337.513,Other industry,-9.126000000000033,-0.02632710110518445
1993,549.567,Cement,23.644999999999982,0.04495913842737132
1993,8470.028,Coal,108.85399999999936,0.013018985132948956
1993,232.44,Flaring,-7.354000000000013,-0.030667990024771316
1993,4007.804,Gas,106.4380000000001,0.027282239092666544
1993,9172.321,Oil,17.665999999999258,0.0019297286462460089
1993,317.711,Other industry,-19.801999999999964,-0.05867033269829596
1994,586.744,Cement,37.17700000000002,0.06764780272469056
1994,8513.747,Coal,43.71899999999914,0.005161612216630115
1994,312.927,Flaring,80.48700000000002,0.34627000516262274
1994,4040.174,Gas,32.36999999999989,0.008076742275819847
1994,9196.235,Oil,23.91400000000067,0.0026071917892974603
1994,324.772,Other industry,7.060999999999979,0.022224600344338024
1995,620.204,Cement,33.45999999999992,0.057026573769821114
1995,8758.441,Coal,244.69400000000132,0.028741046686024535
1995,324.364,Flaring,11.436999999999955,0.03654846018400443
1995,4196.848,Gas,156.67399999999998,0.03877902288366788
1995,9283.901,Oil,87.66599999999926,0.009532814244090027
1995,332.879,Other industry,8.107000000000028,0.02496212727698209
1996,633.559,Cement,13.355000000000018,0.021533237450903284
1996,8976.964,Coal,218.52299999999923,0.0249499882456249
1996,348.548,Flaring,24.184000000000026,0.07455821237868576
1996,4381.599,Gas,184.7510000000002,0.0440213703236334
1996,9562.137,Oil,278.2360000000008,0.02996972931960399
1996,330.67,Other industry,-2.209000000000003,-0.006636044929238561
1997,658.829,Cement,25.269999999999982,0.039885788063937194
1997,8927.3,Coal,-49.66400000000067,-0.005532382663002845
1997,350.78,Flaring,2.231999999999971,0.006403709101759215
1997,4395.058,Gas,13.458999999999833,0.0030717096658091788
1997,9702.211,Oil,140.0739999999987,0.014648817518510632
1997,346.144,Other industry,15.47399999999999,0.04679589923488671
1998,656.596,Cement,-2.2329999999999472,-0.0033893468563162025
1998,8689.001,Coal,-238.29899999999907,-0.02669328912437121
1998,334.982,Flaring,-15.797999999999945,-0.04503677518672657
1998,4443.504,Gas,48.44599999999991,0.011022835193528712
1998,9821.975,Oil,119.76400000000103,0.012343990457432953
1998,349.655,Other industry,3.5109999999999673,0.010143177405935008
1999,688.047,Cement,31.451000000000022,0.04790007858713733
1999,8809.093,Coal,120.09200000000055,0.013821151591535154
1999,328.418,Flaring,-6.564000000000021,-0.019595082720862675
1999,4586.166,Gas,142.66200000000026,0.0321057435753406
1999,10064.188,Oil,242.21299999999974,0.024660315262459917
1999,361.859,Other industry,12.204000000000008,0.034902975790422015
2000,718.165,Cement,30.117999999999938,0.043773172472229276
2000,9156.638,Coal,347.5450000000001,0.03945298341157257
2000,345.576,Flaring,17.158000000000015,0.052244395861371834
2000,4727.823,Gas,141.65700000000015,0.030887891977743533
2000,10211.624,Oil,147.4359999999997,0.014649567357048546
2000,351.657,Other industry,-10.201999999999998,-0.02819330181092635
2001,750.748,Cement,32.583000000000084,0.045369796634478265
2001,9208.429,Coal,51.79099999999926,0.005656115268507858
2001,334.076,Flaring,-11.5,-0.033277773919485144
2001,4771.715,Gas,43.891999999999825,0.009283765487836541
2001,10283.57,Oil,71.94599999999991,0.007045500304359024
2001,344.456,Other industry,-7.200999999999965,-0.020477340135415946
2002,779.004,Cement,28.255999999999972,0.037637129902443923
2002,9630.182,Coal,421.7530000000006,0.04580075493876323
2002,323.111,Flaring,-10.965000000000032,-0.032821872867251856
2002,4913.652,Gas,141.9369999999999,0.0297454898291285
2002,10269.353,Oil,-14.217000000000553,-0.0013824965454604338
2002,350.03,Other industry,5.573999999999955,0.016182037763894243
2003,857.435,Cement,78.43099999999993,0.10068112615596315
2003,10466.565,Coal,836.3829999999998,0.08685017583260625
2003,343.439,Flaring,20.32800000000003,0.06291336413802077
2003,5096.196,Gas,182.54399999999987,0.03715037206542097
2003,10540.85,Oil,271.4970000000012,0.02643759543566194
2003,348.206,Other industry,-1.8239999999999554,-0.005210981915835659
2004,895.93,Cement,38.495000000000005,0.04489553143970098
2004,10813.392,Coal,346.8269999999993,0.03313665944844362
2004,341.454,Flaring,-1.9850000000000136,-0.0057797745742330184
2004,5257.67,Gas,161.47400000000016,0.03168520206051733
2004,10924.574,Oil,383.72400000000016,0.036403515845496344
2004,377.004,Other industry,28.798000000000002,0.08270391664704227
2005,966.776,Cement,70.846,0.0790753741921802
2005,11498.5,Coal,685.1080000000002,0.06335736279605883
2005,346.552,Flaring,5.098000000000013,0.014930268791696724
2005,5376.289,Gas,118.61899999999969,0.022561134494937813
2005,11030.305,Oil,105.73099999999977,0.009678272123013653
2005,380.529,Other industry,3.5249999999999773,0.009350033421395999
2006,1047.294,Cement,80.51800000000014,0.08328506293081349
2006,12136.238,Coal,637.7379999999994,0.055462712527720955
2006,346.573,Flaring,0.020999999999958163,6.059696668886101e-05
2006,5531.006,Gas,154.71700000000055,0.02877765685587225
2006,11142.928,Oil,112.62299999999959,0.010210325099804546
2006,390.113,Other industry,9.584000000000003,0.025185991080837473
2007,1126.199,Cement,78.90499999999997,0.07534178559220235
2007,12724.451,Coal,588.2129999999997,0.048467490502411024
2007,342.25,Flaring,-4.322999999999979,-0.012473562568347734
2007,5736.637,Gas,205.6309999999994,0.037177866015693964
2007,11184.312,Oil,41.384000000000015,0.0037139251011942295
2007,385.405,Other industry,-4.708000000000027,-0.012068298159764035
2008,1137.397,Cement,11.197999999999865,0.009943180556899682
2008,13149.669,Coal,425.21800000000076,0.033417394589361916
2008,333.686,Flaring,-8.564000000000021,-0.025022644265887573
2008,5905.5,Gas,168.86300000000028,0.029435887262868523
2008,11143.34,Oil,-40.97199999999975,-0.003663345586210377
2008,380.068,Other industry,-5.336999999999989,-0.01384777052710782
2009,1170.606,Cement,33.20900000000006,0.029197369080453055
2009,13003.172,Coal,-146.4969999999994,-0.011140736698391373
2009,328.636,Flaring,-5.0499999999999545,-0.015133988240441477
2009,5765.684,Gas,-139.8159999999998,-0.02367555668444667
2009,10899.597,Oil,-243.7430000000004,-0.021873423946500815
2009,345.319,Other industry,-34.74899999999997,-0.09142837597482548
2010,1251.813,Cement,81.20700000000011,0.06937176129286891
2010,13918.224,Coal,915.0519999999997,0.07037144475209585
2010,339.741,Flaring,11.104999999999961,0.03379118538443737
2010,6205.78,Gas,440.09599999999955,0.07633023245810897
2010,11253.694,Oil,354.09699999999975,0.03248716443369418
2010,348.421,Other industry,3.1019999999999754,0.008982998329081155
2011,1344.747,Cement,92.93399999999997,0.0742395229958468
2011,14704.223,Coal,785.9989999999998,0.05647265053357381
2011,356.251,Flaring,16.50999999999999,0.048595842126796567
2011,6389.33,Gas,183.55000000000018,0.029577265065793532
2011,11310.148,Oil,56.45399999999972,0.005016486142239138
2011,375.29,Other industry,26.869000000000028,0.0771164769058123
2012,1377.354,Cement,32.60699999999997,0.024247683765050206
2012,14867.802,Coal,163.57899999999972,0.011124627258441315
2012,374.059,Flaring,17.80800000000005,0.04998722810602651
2012,6523.143,Gas,133.8130000000001,0.020943197487060475
2012,11432.716,Oil,122.56800000000112,0.010836993468166918
2012,379.661,Other industry,4.370999999999981,0.011646992992086068
2013,1441.334,Cement,63.98000000000002,0.04645138432095163
2013,14953.153,Coal,85.35100000000057,0.005740660253613855
2013,382.017,Flaring,7.95799999999997,0.02127471869410967
2013,6573.116,Gas,49.972999999999956,0.007660877586157464
2013,11516.626,Oil,83.90999999999985,0.007339463343618424
2013,409.574,Other industry,29.91300000000001,0.07878870887449596
2014,1492.451,Cement,51.11699999999996,0.035465062227075725
2014,15014.883,Coal,61.72999999999956,0.0041282263346064585
2014,383.772,Flaring,1.7549999999999955,0.004594036391050649
2014,6604.976,Gas,31.859999999999673,0.004847016240090647
2014,11561.832,Oil,45.20600000000013,0.003925281588548601
2014,407.78,Other industry,-1.7940000000000396,-0.004380160850054055
2015,1440.666,Cement,-51.78500000000008,-0.03469795658282924
2015,14655.017,Coal,-359.866,-0.02396728632517483
2015,381.194,Flaring,-2.5779999999999745,-0.0067175302002229825
2015,6728.989,Gas,124.01299999999992,0.01877569275043542
2015,11770.022,Oil,208.1900000000005,0.018006661920014103
2015,427.64,Other industry,19.860000000000014,0.04870273186522148
2016,1476.147,Cement,35.480999999999995,0.024628192794166028
2016,14322.989,Coal,-332.02800000000025,-0.022656268498357952
2016,371.508,Flaring,-9.686000000000035,-0.025409633939673854
2016,6914.85,Gas,185.8610000000008,0.027620939787537296
2016,11900.264,Oil,130.24199999999837,0.011065569800973894
2016,407.072,Other industry,-20.567999999999984,-0.0480965297914133
2017,1499.947,Cement,23.799999999999955,0.016123055495150522
2017,14494.168,Coal,171.1790000000001,0.011951346188983325
2017,384.212,Flaring,12.704000000000008,0.03419576429040561
2017,7084.615,Gas,169.76499999999942,0.024550785628032337
2017,12085.292,Oil,185.02800000000025,0.01554822649312656
2017,426.376,Other industry,19.303999999999974,0.04742158635327405
2018,1546.849,Cement,46.902000000000044,0.03126910484170444
2018,14762.694,Coal,268.52599999999984,0.01852648596318187
2018,404.041,Flaring,19.829000000000008,0.05160952807304303
2018,7419.413,Gas,334.7979999999998,0.047257049253911436
2018,12142.828,Oil,57.53600000000006,0.004760828286151469
2018,458.178,Other industry,31.80200000000002,0.07458674972324901
2019,1615.727,Cement,68.87800000000016,0.044527940348411614
2019,14702.956,Coal,-59.737999999999374,-0.004046551395023116
2019,432.392,Flaring,28.351,0.07016862150128328
2019,7574.056,Gas,154.64300000000003,0.02084302356534136
2019,12325.908,Oil,183.07999999999993,0.015077212655898604
2019,435.527,Other industry,-22.65100000000001,-0.04943711832519242
2020,1624.052,Cement,8.324999999999818,0.005152479348305634
2020,14267.035,Coal,-435.9210000000003,-0.029648527819847947
2020,400.001,Flaring,-32.39100000000002,-0.07491119169642366
2020,7520.82,Gas,-53.235999999999876,-0.007028730709147104
2020,10932.342,Oil,-1393.565999999999,-0.11305990601260361
2020,413.979,Other industry,-21.548000000000002,-0.049475692666585545
2021,1666.885,Cement,42.833000000000084,0.026374155507336024
2021,14969.249,Coal,702.2139999999999,0.0492193367437593
2021,402.216,Flaring,2.215000000000032,0.0055374861562846895
2021,7878.698,Gas,357.8780000000006,0.04758497078775993
2021,11513.166,Oil,580.8239999999987,0.053128963583466256
2021,436.649,Other industry,22.670000000000016,0.0547612318499248
2022,1578.739,Cement,-88.14599999999996,-0.0528806726318852
2022,15449.177,Coal,479.9279999999999,0.032060927037822665
2022,398.871,Flaring,-3.3450000000000273,-0.00831642699445081
2022,7758.746,Gas,-119.95200000000023,-0.015224850603488067
2022,11914.912,Oil,401.746000000001,0.03489448514856826
2022,427.327,Other industry,-9.322000000000003,-0.021348955339414503
2023,1540.286,Cement,-38.452999999999975,-0.02435678094985933
2023,15636.373,Coal,187.1959999999999,0.012116891404635982
2023,411.343,Flaring,12.472000000000037,0.03126825464874618
2023,7802.845,Gas,44.09900000000016,0.005683779311759936
2023,12278.241,Oil,363.3289999999997,0.03049363688124593
2023,424.955,Other industry,-2.372000000000014,-0.00555078429399503
2024,1472.818,Cement,-67.46800000000007,-0.04380225490590713
2024,15805.254,Coal,168.88100000000122,0.010800522602012707
2024,415.708,Flaring,4.365000000000009,0.010611582061685769
2024,8009.828,Gas,206.98300000000017,0.026526606641551917
2024,12470.596,Oil,192.35499999999956,0.015666332009609485
2024,424.376,Other industry,-0.5790000000000077,-0.0013624972055864921
